fetch_ts,gpu_model,gpu_name,gpu_price,in_stock,store_name,url
1636740278.1628711,GeForce RTX 3070,NVIDIA GeForce RTX3070 Gigabyte 8Gb LHR (GV-N3070VISION OC-8GD 2.0),125 720,True,Сеть компьютерных магазинов REGARD,https://www.regard.ru/catalog/tovar400310.htm
1636740278.1889596,Quadro T1000,NVIDIA Quadro T1000 HP 4Gb (20X22AA),30 250,True,Сеть компьютерных магазинов REGARD,https://www.regard.ru/catalog/tovar410454.htm
1636740278.2083418,Radeon Pro WX 2100,AMD Radeon Pro WX 2100 Dell 2Gb (490-BDZU),9 880,True,Сеть компьютерных магазинов REGARD,https://www.regard.ru/catalog/tovar395049.htm
1636740278.1628711,Quadro RTX 6000,NVIDIA Quadro RTX6000 PNY 24Gb (VCQRTX6000-BSP),347 840,True,Сеть компьютерных магазинов REGARD,https://www.regard.ru/catalog/tovar310006.htm
1636740278.1628711,Quadro RTX 8000,NVIDIA Quadro RTX8000 PNY 48Gb (VCQRTX8000-BSP) OEM,535 710,True,Сеть компьютерных магазинов REGARD,https://www.regard.ru/catalog/tovar352234.htm
1636740278.1628711,Quadro RTX 6000,NVIDIA Quadro RTX6000 PNY 24Gb (VCQRTX6000-SB) OEM,306 620,True,Сеть компьютерных магазинов REGARD,https://www.regard.ru/catalog/tovar395927.htm
1636740278.1628711,Quadro RTX 8000,NVIDIA Quadro RTX8000 48Gb (900-2G150-0050-000) ,505 950,True,Сеть компьютерных магазинов REGARD,https://www.regard.ru/catalog/tovar358070.htm
1636740278.1628711,Quadro RTX 8000,NVIDIA Quadro RTX8000 PNY 48Gb (VCQRTX8000-PB),537 720,True,Сеть компьютерных магазинов REGARD,https://www.regard.ru/catalog/tovar312540.htm
1636740278.1628711,Quadro RTX 6000,NVIDIA Quadro RTX6000 Dell 24Gb (490-BFCZ),352 370,True,Сеть компьютерных магазинов REGARD,https://www.regard.ru/catalog/tovar316669.htm
1636740278.1628711,Quadro RTX 6000,NVIDIA Quadro RTX6000 24Gb (900-2G150-0040-000) OEM,438 980,True,Сеть компьютерных магазинов REGARD,https://www.regard.ru/catalog/tovar351308.htm
1636740278.1628711,Quadro RTX 5000,NVIDIA Quadro RTX5000 PNY 16Gb (X/VCQRTX5000-PB),197 170,True,Сеть компьютерных магазинов REGARD,https://www.regard.ru/catalog/tovar308716.htm
1636740278.1628711,Quadro RTX 6000,NVIDIA Quadro RTX6000 PNY 24Gb (VCQRTX6000-BLK) OEM,364 580,True,Сеть компьютерных магазинов REGARD,https://www.regard.ru/catalog/tovar410012.htm
1636740278.2083418,GeForce RTX 3070,NVIDIA GeForce RTX3070 Gigabyte 8Gb LHR (GV-N3070GAMING OC-8GD 2.0),110 810,True,Сеть компьютерных магазинов REGARD,https://www.regard.ru/catalog/tovar394203.htm
1636740278.1628711,Quadro RTX 5000,NVIDIA Quadro RTX5000 PNY 16Gb (VCQRTX5000-SB) OEM,200 890,True,Сеть компьютерных магазинов REGARD,https://www.regard.ru/catalog/tovar401828.htm
1636740278.1628711,Quadro RTX 5000,NVIDIA Quadro RTX5000 PNY 16Gb (VCQRTX5000BLK-1) OEM,177 520,True,Сеть компьютерных магазинов REGARD,https://www.regard.ru/catalog/tovar349448.htm
1636740278.3659208,AMD Radeon RX 560,AFOX Radeon RX 560 4096Mb ATX DUAL FAN (AFRX560-4096D5H4),22 990 ₽,True,ОнлайнТрейд,https://www.onlinetrade.ru/catalogue/videokarty-c338/afox/videokarta_afox_radeon_rx_560_4096mb_atx_dual_fan_afrx560_4096d5h4-2685027.html
1636740278.3659208,NVIDIA GeForce RTX 3070,GIGABYTE GeForce RTX 3070 LHR 8192Mb GAMING OC 2.0 (GV-N3070GAMING OC-8GD 2.0),105 990 ₽,True,ОнлайнТрейд,https://www.onlinetrade.ru/catalogue/videokarty-c338/gigabyte/videokarta_gigabyte_geforce_rtx_3070_lhr_8192mb_gaming_oc_2.0_gv_n3070gaming_oc_8gd_2.0-2664371.html
1636740278.3659208,NVIDIA GeForce GTX 750 Ti,AFOX GeForce GTX 750 Ti 4096Mb (AF750TI-4096D5H4),19 990 ₽,True,ОнлайнТрейд,https://www.onlinetrade.ru/catalogue/videokarty-c338/afox/videokarta_afox_geforce_gtx_750_ti_4096mb_af750ti_4096d5h4-2769720.html
1636740278.3659208,NVIDIA GeForce GTX 750 Ti,SINOTEX GeForce GTX 750 Ti Ninja 4096Mb (NH75TI045F),19 990 ₽,True,ОнлайнТрейд,https://www.onlinetrade.ru/catalogue/videokarty-c338/sinotex/videokarta_sinotex_geforce_gtx_750_ti_ninja_4096mb_nh75ti045f-1923631.html
1636740278.3659208,NVIDIA GeForce 210,SINOTEX GeForce GT 210 1024Mb NK21NP013F,2 990 ₽,True,ОнлайнТрейд,https://www.onlinetrade.ru/catalogue/videokarty-c338/sinotex/videokarta_sinotex_geforce_gt_210_1024mb_nk21np013f-1960059.html
1636740278.3659208,AMD Radeon R5 220,AFOX Radeon R5 220 2048Mb LP (AFR5220-2048D3L4),4 990 ₽,True,ОнлайнТрейд,https://www.onlinetrade.ru/catalogue/videokarty-c338/afox/videokarta_afox_radeon_r5_220_2048mb_lp_afr5220_2048d3l4-2367560.html
1636740278.2083418,GeForce RTX 3070,NVIDIA GeForce RTX3070 Gigabyte 8Gb LHR (GV-N3070AORUS M-8GD 2.0),114 880,True,Сеть компьютерных магазинов REGARD,https://www.regard.ru/catalog/tovar400309.htm
1636740278.2083418,GeForce RTX 3070,NVIDIA GeForce RTX3070 ASUS 8Gb LHR (TUF-RTX3070-O8G-V2-GAMING) ,114 820,True,Сеть компьютерных магазинов REGARD,https://www.regard.ru/catalog/tovar395530.htm
1636740278.3659208,NVIDIA GeForce GT 1030,GIGABYTE GeForce GT 1030 1252Mhz PCI-E 3.0 2048Mb 6008Mhz 64 bit DVI HDMI Low Profile (GV-N1030D5-2GL),9 690 ₽,True,ОнлайнТрейд,https://www.onlinetrade.ru/catalogue/videokarty-c338/gigabyte/videokarta_gigabyte_geforce_gt_1030_1252mhz_pci_e_3.0_2048mb_6008mhz_64_bit_dvi_hdmi_low_profile_gv_n1030d5_2gl-874612.html
1636740278.2083418,GeForce RTX 3070,NVIDIA GeForce RTX3070 ASUS 8Gb LHR (DUAL-RTX3070-8G-V2),111 730,True,Сеть компьютерных магазинов REGARD,https://www.regard.ru/catalog/tovar404043.htm
1636740278.2083418,GeForce RTX 3060,NVIDIA GeForce RTX3060 Zotac Twin Edge OC 12Gb (ZT-A30600H-10M),83 220,True,Сеть компьютерных магазинов REGARD,https://www.regard.ru/catalog/tovar382113.htm
1636740278.3659208,NVIDIA GeForce GTX 750 Ti,SINOTEX GeForce GTX 750 Ti Ninja 4096Mb (NK75TI045F),19 990 ₽,True,ОнлайнТрейд,https://www.onlinetrade.ru/catalogue/videokarty-c338/sinotex/videokarta_sinotex_geforce_gtx_750_ti_ninja_4096mb_nk75ti045f-1923627.html
1636740278.2083418,GeForce RTX 3060,NVIDIA GeForce RTX3060 Gigabyte 12Gb LHR (GV-N3060VISION OC-12GD 2.0),84 760,True,Сеть компьютерных магазинов REGARD,https://www.regard.ru/catalog/tovar392356.htm
1636740278.3659208,NVIDIA GeForce GTX 750 Ti,SINOTEX GeForce GTX 750 Ti 2048Mb (NH75TI025F),11 990 ₽,True,ОнлайнТрейд,https://www.onlinetrade.ru/catalogue/videokarty-c338/sinotex/videokarta_sinotex_geforce_gtx_750_ti_2048mb_nh75ti025f-2550865.html
1636740278.2083418,GeForce RTX 3060,NVIDIA GeForce RTX3060 EVGA XC Gaming 12Gb (12G-P5-3657-KR),83 570,True,Сеть компьютерных магазинов REGARD,https://www.regard.ru/catalog/tovar390867.htm
1636740278.2083418,GeForce RTX 3060,NVIDIA GeForce RTX3060 Colorful iGame 12Gb LHR (RTX 3060 Ultra W OC 12G L-V),79 370,True,Сеть компьютерных магазинов REGARD,https://www.regard.ru/catalog/tovar396470.htm
1636740278.2083418,GeForce RTX 3060,NVIDIA GeForce RTX3060 Gigabyte 12Gb LHR (GV-N3060EAGLE-12GD 2.0),77 830,True,Сеть компьютерных магазинов REGARD,https://www.regard.ru/catalog/tovar392961.htm
1636740278.2083418,GeForce RTX 3060,NVIDIA GeForce RTX3060 Colorful iGame 12Gb LHR (RTX 3060 Advanced OC 12G L-V),79 200,True,Сеть компьютерных магазинов REGARD,https://www.regard.ru/catalog/tovar412534.htm
1636740278.2083418,GeForce GTX 1650,NVIDIA GeForce GTX1650 Palit StormX 4Gb (NE51650006G1-1170F) OEM,31 680,True,Сеть компьютерных магазинов REGARD,https://www.regard.ru/catalog/tovar338006.htm
1636740278.2083418,GeForce GTX 1650,NVIDIA GeForce GTX1650 Palit GP OC 4Gb (NE61650S1BG1-1175A) OEM,35 170,True,Сеть компьютерных магазинов REGARD,https://www.regard.ru/catalog/tovar382745.htm
1636740278.3659208,NVIDIA Quadro T600,PNY Quadro T600 4096Mb (VCNT600-SB),17 590 ₽,True,ОнлайнТрейд,https://www.onlinetrade.ru/catalogue/videokarty-c338/pny/videokarta_pny_quadro_t600_4096mb_vcnt600_sb-2664409.html
1636740278.2083418,GeForce GTX 1050 Ti,NVIDIA GeForce GTX1050 Ti Palit StormX 4Gb (NE5105T018G1),24 480,True,Сеть компьютерных магазинов REGARD,https://www.regard.ru/catalog/tovar236255.htm
1636740278.3659208,NVIDIA GeForce GT 220,AFOX GeForce GT 220 1024Mb LP SINGLE FAN (AF220-1024D3L4),3 190 ₽,True,ОнлайнТрейд,https://www.onlinetrade.ru/catalogue/videokarty-c338/afox/videokarta_afox_geforce_gt_220_1024mb_lp_single_fan_af220_1024d3l4-2713565.html
1636740278.2083418,GeForce GT 730,NVIDIA GeForce GT730 Palit 2Gb,6 180,True,Сеть компьютерных магазинов REGARD,https://www.regard.ru/catalog/tovar161706.htm
1636740278.2083418,GeForce RTX 3060,NVIDIA GeForce RTX3060 ASUS 12Gb LHR (PH-RTX3060-12G-V2),76 290,True,Сеть компьютерных магазинов REGARD,https://www.regard.ru/catalog/tovar395144.htm
1636740278.2083418,GeForce GT 730,NVIDIA GeForce GT730 Palit 2Gb (NEAT7300HD46-2080H),6 560,True,Сеть компьютерных магазинов REGARD,https://www.regard.ru/catalog/tovar393588.htm
1636740278.3659208,NVIDIA GeForce GT 1030,Asus GeForce GT 1030 1266Mhz PCI-E 3.0 2048Mb 6008Mhz 64 bit DVI HDMI HDCP (GT1030-2G-BRK),9 090 ₽,True,ОнлайнТрейд,https://www.onlinetrade.ru/catalogue/videokarty-c338/asus/videokarta_asus_geforce_gt_1030_1266mhz_pci_e_3.0_2048mb_6008mhz_64_bit_dvi_hdmi_hdcp_gt1030_2g_brk-1301807.html
1636740278.2083418,GeForce GT 730,NVIDIA GeForce GT730 Zotac Zone 4Gb (ZT-71115-20L),7 750,True,Сеть компьютерных магазинов REGARD,https://www.regard.ru/catalog/tovar166329.htm
1636740278.3659208,NVIDIA GeForce 210,AFOX GeForce G210 LP 1024Mb HEATSINK (AF210-1024D2LG2),2 990 ₽,True,ОнлайнТрейд,https://www.onlinetrade.ru/catalogue/videokarty-c338/afox/videokarta_afox_geforce_g210_lp_1024mb_heatsink_af210_1024d2lg2-2313783.html
1636740278.3659208,NVIDIA GeForce RTX 2060,GIGABYTE GeForce RTX 2060 6144Mb D6 2.0 (GV-N2060D6-6GD 2.0),75 990 ₽,True,ОнлайнТрейд,https://www.onlinetrade.ru/catalogue/videokarty-c338/gigabyte/videokarta_gigabyte_geforce_rtx_2060_6144mb_d6_2.0_gv_n2060d6_6gd_2.0-2664362.html
1636740278.2083418,GeForce GT 730,NVIDIA GeForce GT730 MSI 2Gb (N730K-2GD3/OCV5),6 780,True,Сеть компьютерных магазинов REGARD,https://www.regard.ru/catalog/tovar398343.htm
1636740278.2083418,GeForce GT 730,NVIDIA GeForce GT730 MSI 4Gb (N730K-4GD3/OCV1),8 200,True,Сеть компьютерных магазинов REGARD,https://www.regard.ru/catalog/tovar393587.htm
1636740278.2083418,GeForce GT 730,NVIDIA GeForce GT730 MSI 2Gb (N730K-2GD3H/LP),6 910,True,Сеть компьютерных магазинов REGARD,https://www.regard.ru/catalog/tovar211577.htm
1636740278.3659208,NVIDIA GeForce RTX 3060 Ti,GIGABYTE GeForce RTX 3060 Ti LHR 8192Mb GAMING OC 2.0 (GV-N306TGAMING OC-8GD 2.0),109 990 ₽,True,ОнлайнТрейд,https://www.onlinetrade.ru/catalogue/videokarty-c338/gigabyte/videokarta_gigabyte_geforce_rtx_3060_ti_lhr_8192mb_gaming_oc_2.0_gv_n306tgaming_oc_8gd_2.0-2746439.html
1636740278.2083418,GeForce GT 730,NVIDIA GeForce GT730 MSI 2Gb (N730-2GD3V2),7 630,True,Сеть компьютерных магазинов REGARD,https://www.regard.ru/catalog/tovar189800.htm
1636740278.2083418,GeForce GT 730,NVIDIA GeForce GT730 Gigabyte 2Gb (GV-N730D5-2GL),7 140,True,Сеть компьютерных магазинов REGARD,https://www.regard.ru/catalog/tovar263889.htm
1636740278.2083418,GeForce GT 730,NVIDIA GeForce GT730 Gigabyte 2Gb (GV-N730D3-2GI V3),6 970,True,Сеть компьютерных магазинов REGARD,https://www.regard.ru/catalog/tovar313524.htm
1636740278.2083418,GeForce GT 730,NVIDIA GeForce GT730 Colorful 2Gb (GT730K 2GD3-V),6 010,True,Сеть компьютерных магазинов REGARD,https://www.regard.ru/catalog/tovar392762.htm
1636740278.2083418,GeForce GT 1030,NVIDIA GeForce GT1030 Gigabyte 2Gb (GV-N1030D5-2GL),9 220,True,Сеть компьютерных магазинов REGARD,https://www.regard.ru/catalog/tovar252691.htm
1636740278.2083418,GeForce GT 730,NVIDIA GeForce GT730 ASUS 2Gb (GT730-4H-SL-2GD5),8 100,True,Сеть компьютерных магазинов REGARD,https://www.regard.ru/catalog/tovar406435.htm
1636740278.2083418,GeForce GT 730,NVIDIA GeForce GT730 Gigabyte 2Gb (GV-N730D3-2GI),7 750,True,Сеть компьютерных магазинов REGARD,https://www.regard.ru/catalog/tovar164531.htm
1636740278.2083418,GeForce GT 730,NVIDIA GeForce GT730 ASUS 2Gb (GT730-SL-2GD5-BRK),7 330,True,Сеть компьютерных магазинов REGARD,https://www.regard.ru/catalog/tovar227927.htm
1636740278.2083418,GeForce GT 730,NVIDIA GeForce GT730  Zotac Zone 2Gb (ZT-71113-20L),6 970,True,Сеть компьютерных магазинов REGARD,https://www.regard.ru/catalog/tovar165448.htm
1636740278.2083418,GeForce GT 1030,NVIDIA GeForce GT1030 ASUS 2Gb (GT1030-SL-2G-BRK),8 490,True,Сеть компьютерных магазинов REGARD,https://www.regard.ru/catalog/tovar253668.htm
1636740278.2083418,GeForce GT 1030,NVIDIA GeForce GT1030 ASUS 2Gb (GT1030-SL-2GD4-BRK),9 070,True,Сеть компьютерных магазинов REGARD,https://www.regard.ru/catalog/tovar411956.htm
1636740278.2083418,GeForce GT 1030,NVIDIA GeForce GT1030 Palit 2Gb (NEC103000646-1082F),7 660,True,Сеть компьютерных магазинов REGARD,https://www.regard.ru/catalog/tovar282282.htm
1636740278.2083418,Radeon RX 6900 XT,AMD Radeon RX 6900 XT MSI 16Gb (RX 6900 XT GAMING Z TRIO 16G),178 610,True,Сеть компьютерных магазинов REGARD,https://www.regard.ru/catalog/tovar393735.htm
1636740278.2083418,Radeon RX 6900 XT,AMD Radeon RX 6900 XT Sapphire Toxic Extreme Edition 16Gb (11308-08-20G),193 060,True,Сеть компьютерных магазинов REGARD,https://www.regard.ru/catalog/tovar389882.htm
1636740278.2083418,GeForce GT 1030,NVIDIA GeForce GT1030 Gigabyte 2Gb (GV-N1030D4-2GL),8 800,True,Сеть компьютерных магазинов REGARD,https://www.regard.ru/catalog/tovar281748.htm
1636740278.2083418,Radeon RX 6900 XT,AMD Radeon RX 6900 XT ASUS 16Gb (TUF-RX6900XT-O16G-GAMING),172 530,True,Сеть компьютерных магазинов REGARD,https://www.regard.ru/catalog/tovar378094.htm
1636740278.2083418,Radeon RX 6900 XT,AMD Radeon RX 6900 XT ASRock Formula OC 16Gb (RX6900XT OCF 16G),175 690,True,Сеть компьютерных магазинов REGARD,https://www.regard.ru/catalog/tovar393590.htm
1636740278.2083418,Radeon RX 6900 XT,AMD Radeon RX 6900 XT ASUS 16Gb (TUF-RX6900XT-T16G-GAMING),176 330,True,Сеть компьютерных магазинов REGARD,https://www.regard.ru/catalog/tovar411877.htm
1636740278.1889596,,Профессиональная видеокарта AMD Radeon Pro W6800 Dell 32Gb (490-BHCL) OEM,217 360,True,Сеть компьютерных магазинов REGARD,https://www.regard.ru/catalog/tovar411526.htm
1636740278.2083418,Radeon RX 6900 XT,AMD Radeon RX 6900 XT Gigabyte 16Gb (GV-R69XTAORUSX WB-16GD),167 210,True,Сеть компьютерных магазинов REGARD,https://www.regard.ru/catalog/tovar392359.htm
1636740280.3132255,NVIDIA Quadro RTX4000,PNY Quadro RTX A4000 16384Mb (VCNRTXA4000-SB) OEM,159 990 ₽,True,ОнлайнТрейд,https://www.onlinetrade.ru/catalogue/videokarty-c338/pny/videokarta_pny_quadro_rtx_a4000_16384mb_vcnrtxa4000_sb_oem-2746473.html
1636740280.3132255,NVIDIA GeForce RTX 3060 Ti,GIGABYTE GeForce RTX 3060 Ti LHR 8192Mb EAGLE OC 2.0 (GV-N306TEAGLE OC-8GD 2.0),108 990 ₽,True,ОнлайнТрейд,https://www.onlinetrade.ru/catalogue/videokarty-c338/gigabyte/videokarta_gigabyte_geforce_rtx_3060_ti_lhr_8192mb_eagle_oc_2.0_gv_n306teagle_oc_8gd_2.0-2664374.html
1636740280.3132255,AMD Radeon RX 580,Sinotex Ninja Radeon RX 580 PCI-E 3.0 8192Mb 256 bit DVI-D/HDMI/DP (AHRX58085F),53 990 ₽,True,ОнлайнТрейд,https://www.onlinetrade.ru/catalogue/videokarty-c338/sinotex/videokarta_sinotex_ninja_radeon_rx_580_pci_e_3.0_8192mb_256_bit_dvi_d_hdmi_dp_ahrx58085f-1821419.html
1636740280.3132255,NVIDIA GeForce GTX 1650,ASUS GeForce GTX 1650 4096Mb DUAL MINI OC (DUAL-GTX1650-O4GD6-MINI),41 990 ₽,True,ОнлайнТрейд,https://www.onlinetrade.ru/catalogue/videokarty-c338/asus/videokarta_asus_geforce_gtx_1650_4096mb_dual_mini_oc_dual_gtx1650_o4gd6_mini-2294564.html
1636740278.1889596,,Видеокарта NVIDIA GeForce RTX3060 Colorful 12Gb (RTX 3060 NB DUO 12G L-V) RTL,80 910,True,Сеть компьютерных магазинов REGARD,https://www.regard.ru/catalog/tovar413747.htm
1636740278.1889596,,Видеокарта NVIDIA GeForce GTX1660 Ti PNY XLR8 Gaming 6Gb (VCG1660T6DFPPB) RTL,58 180,True,Сеть компьютерных магазинов REGARD,https://www.regard.ru/catalog/tovar399752.htm
1636740280.3132255,NVIDIA GeForce GT 1030,Asus GeForce GT 1030 1278Mhz PCI-E 3.0 2048Mb 6008Mhz 64 bit DVI HDMI HDCP (PH-GT1030-O2G),15 990 ₽,True,ОнлайнТрейд,https://www.onlinetrade.ru/catalogue/videokarty-c338/asus/videokarta_asus_geforce_gt_1030_1278mhz_pci_e_3.0_2048mb_6008mhz_64_bit_dvi_hdmi_hdcp_ph_gt1030_o2g-888340.html
1636740278.1889596,Quadro T400,NVIDIA Quadro T400 PNY 2Gb (VCNT400BLK-1) OEM,11 580,True,Сеть компьютерных магазинов REGARD,https://www.regard.ru/catalog/tovar403067.htm
1636740278.1889596,Quadro T400,NVIDIA Quadro T400 PNY 2Gb (VCNT400-SB) OEM,10 050,True,Сеть компьютерных магазинов REGARD,https://www.regard.ru/catalog/tovar403064.htm
1636740280.3132255,NVIDIA GeForce RTX 3060,Palit GeForce RTX 3060 LHR 12288Mb DUAL OC (NE63060T19K9-190AD),81 990 ₽,True,ОнлайнТрейд,https://www.onlinetrade.ru/catalogue/videokarty-c338/palit/videokarta_palit_geforce_rtx_3060_lhr_12288mb_dual_oc_ne63060t19k9_190ad-2521578.html
1636740280.3132255,NVIDIA GeForce GTX 1660 Ti,ASUS GeForce GTX 1660 Ti 6144Mb TUF GAMING TOP (TUF-GTX1660TI-T6G-EVO-GAMING),69 990 ₽,True,ОнлайнТрейд,https://www.onlinetrade.ru/catalogue/videokarty-c338/asus/videokarta_asus_geforce_gtx_1660_ti_6144mb_tuf_gaming_top_tuf_gtx1660ti_t6g_evo_gaming-2769707.html
1636740280.3132255,NVIDIA GeForce GT 730,MSI GeForce GT 730 4096Mb OC V1 (N730K-4GD3/OCV1),7 690 ₽,True,ОнлайнТрейд,https://www.onlinetrade.ru/catalogue/videokarty-c338/msi/videokarta_msi_geforce_gt_730_4096mb_oc_v1_n730k_4gd3_ocv1-2713549.html
1636740280.3132255,AMD Radeon RX 6600,GIGABYTE Radeon RX 6600 8192Mb EAGLE (GV-R66EAGLE-8GD),71 990 ₽,True,ОнлайнТрейд,https://www.onlinetrade.ru/catalogue/videokarty-c338/gigabyte/videokarta_gigabyte_radeon_rx_6600_8192mb_eagle_gv_r66eagle_8gd-2816277.html
1636740280.3132255,NVIDIA GeForce RTX 3060 Ti,ASUS GeForce RTX 3060 Ti LHR 8192Mb DUAL OC V2 (DUAL-RTX3060TI-O8G-V2),108 990 ₽,True,ОнлайнТрейд,https://www.onlinetrade.ru/catalogue/videokarty-c338/asus/videokarta_asus_geforce_rtx_3060_ti_lhr_8192mb_dual_oc_v2_dual_rtx3060ti_o8g_v2-2746435.html
1636740280.3132255,NVIDIA GeForce GT 1030,Asus GeForce GT 1030 1266Mhz PCI-E 3.0 2048Mb 6008Mhz 64 bit DVI HDMI HDCP (GT1030-SL-2G-BRK),8 890 ₽,True,ОнлайнТрейд,https://www.onlinetrade.ru/catalogue/videokarty-c338/asus/videokarta_asus_geforce_gt_1030_1266mhz_pci_e_3.0_2048mb_6008mhz_64_bit_dvi_hdmi_hdcp_gt1030_sl_2g_brk-869837.html
1636740280.3132255,NVIDIA GeForce RTX 3060,Palit GeForce RTX 3060 LHR 12288Mb DUAL (NE63060019K9-190AD),80 990 ₽,True,ОнлайнТрейд,https://www.onlinetrade.ru/catalogue/videokarty-c338/palit/videokarta_palit_geforce_rtx_3060_lhr_12288mb_dual_ne63060019k9_190ad-2531416.html
1636740280.3132255,NVIDIA GeForce GTX 750 Ti,SINOTEX GeForce GTX 750 Ti 2048Mb Ninja (NK75TI025F),11 990 ₽,True,ОнлайнТрейд,https://www.onlinetrade.ru/catalogue/videokarty-c338/sinotex/videokarta_sinotex_geforce_gtx_750_ti_2048mb_ninja_nk75ti025f-2013778.html
1636740280.3132255,AMD Radeon RX 6600,SAPPHIRE Radeon RX 6600 8192Mb PULSE (11310-01-20G),71 990 ₽,True,ОнлайнТрейд,https://www.onlinetrade.ru/catalogue/videokarty-c338/sapphire/videokarta_sapphire_radeon_rx_6600_8192mb_pulse_11310_01_20g-2830662.html
1636740280.951043,NVIDIA GeForce GT 730,AFOX GeForce GT 730 4096Mb LP Single Fan (AF730-4096D3L6),6 990 ₽,True,ОнлайнТрейд,https://www.onlinetrade.ru/catalogue/videokarty-c338/afox/videokarta_afox_geforce_gt_730_4096mb_lp_single_fan_af730_4096d3l6-2186962.html
1636740280.951043,NVIDIA GeForce RTX 3060 Ti,Palit GeForce RTX 3060 Ti LHR 8192Mb Dual OC (NE6306TS19P2-190AD),102 990 ₽,True,ОнлайнТрейд,https://www.onlinetrade.ru/catalogue/videokarty-c338/palit/videokarta_palit_geforce_rtx_3060_ti_lhr_8192mb_dual_oc_ne6306ts19p2_190ad_ne6306ts19p2_190ad_v1-2397945.html
1636740280.3132255,NVIDIA GeForce GT 1030,GIGABYTE GeForce GT 1030 1290Mhz PCI-E 3.0 2048Mb 6008Mhz 64 bit DVI HDMI OC (GV-N1030OC-2GI),12 990 ₽,True,ОнлайнТрейд,https://www.onlinetrade.ru/catalogue/videokarty-c338/gigabyte/videokarta_gigabyte_geforce_gt_1030_1290mhz_pci_e_3.0_2048mb_6008mhz_64_bit_dvi_hdmi_oc_gv_n1030oc_2gi-1000838.html
1636740280.951043,NVIDIA GeForce RTX 3060,MSI GeForce RTX 3060 LHR 12288Mb VENTUS 2X OC (RTX 3060 VENTUS 2X OC RU),85 990 ₽,True,ОнлайнТрейд,https://www.onlinetrade.ru/catalogue/videokarty-c338/msi/videokarta_msi_geforce_rtx_3060_lhr_12288mb_ventus_2x_oc_rtx_3060_ventus_2x_oc_ru-2486204.html
1636740278.1889596,Quadro T400,NVIDIA Quadro T400 PNY 2Gb (VCNT400-PB),11 500,True,Сеть компьютерных магазинов REGARD,https://www.regard.ru/catalog/tovar403065.htm
1636740278.1889596,Quadro T400,NVIDIA Quadro T400 PNY 2Gb (VCNT400-BLK) OEM,10 140,True,Сеть компьютерных магазинов REGARD,https://www.regard.ru/catalog/tovar403066.htm
1636740278.1889596,Quadro T400,NVIDIA Quadro T400 HP 2Gb (340K8AA) OEM,9 750,True,Сеть компьютерных магазинов REGARD,https://www.regard.ru/catalog/tovar410856.htm
1636740280.951043,NVIDIA Quadro RTX4000,PNY Quadro RTX 4000 8192Mb (VCQRTX4000-BSP) OEM,89 990 ₽,True,ОнлайнТрейд,https://www.onlinetrade.ru/catalogue/videokarty-c338/pny/videokarta_pny_quadro_rtx_4000_8192mb_vcqrtx4000_bsp_oem-2313782.html
1636740280.951043,NVIDIA GeForce GTX 1660 Super,GIGABYTE GeForce GTX 1660 SUPER OC 6144Mb (GV-N166SOC-6GD),76 990 ₽,True,ОнлайнТрейд,https://www.onlinetrade.ru/catalogue/videokarty-c338/gigabyte/videokarta_gigabyte_geforce_gtx_1660_super_oc_6144mb_gv_n166soc_6gd-1950254.html
1636740280.951043,NVIDIA GeForce RTX 3060 Ti,GIGABYTE GeForce RTX 3060 Ti LHR 8192Mb AORUS 2.0 (GV-N306TAORUS E-8GD 2.0),111 990 ₽,True,ОнлайнТрейд,https://www.onlinetrade.ru/catalogue/videokarty-c338/gigabyte/videokarta_gigabyte_geforce_rtx_3060_ti_lhr_8192mb_aorus_2.0_gv_n306taorus_e_8gd_2.0-2746438.html
1636740280.951043,NVIDIA Quadro P2200,PNY GeForce Quadro P2200 5120Mb (VCQP2200-PB),65 990 ₽,True,ОнлайнТрейд,https://www.onlinetrade.ru/catalogue/videokarty-c338/pny/videokarta_pny_geforce_quadro_p2200_5120mb_vcqp2200_pb-1902105.html
1636740280.951043,NVIDIA GeForce RTX 3060 Ti,MSI GeForce RTX 3060 Ti LHR 8192Mb GAMING X (RTX 3060 TI GAMING X 8G LHR),105 990 ₽,True,ОнлайнТрейд,https://www.onlinetrade.ru/catalogue/videokarty-c338/msi/videokarta_msi_geforce_rtx_3060_ti_lhr_8192mb_gaming_x_rtx_3060_ti_gaming_x_8g_lhr-2776168.html
1636740280.951043,AMD Radeon RX 6600 XT,SAPPHIRE Radeon RX 6600 XT 8192Mb PULSE OC (11309-03-20G),75 990 ₽,True,ОнлайнТрейд,https://www.onlinetrade.ru/catalogue/videokarty-c338/sapphire/videokarta_sapphire_radeon_rx_6600_xt_8192mb_pulse_oc_11309_03_20g-2765615.html
1636740278.1889596,Quadro T1000,NVIDIA Quadro T1000 PNY 4Gb (VCNT1000BLK-1/VCQT1000ATX) OEM,36 630,True,Сеть компьютерных магазинов REGARD,https://www.regard.ru/catalog/tovar392568.htm
1636740280.951043,NVIDIA GeForce GT 710,Asus GeForce GT 710 954Mhz PCI-E 2.0 1024Mb 5012Mhz 32 bit DVI HDMI HDCP (GT710-SL-1GD5-BRK),4 490 ₽,True,ОнлайнТрейд,https://www.onlinetrade.ru/catalogue/videokarty-c338/asus/videokarta_asus_geforce_gt_710_954mhz_pci_e_2.0_1024mb_5012mhz_32_bit_dvi_hdmi_hdcp_gt710_sl_1gd5_brk-1225758.html
1636740278.1889596,Quadro T1000,NVIDIA Quadro T1000 PNY 4Gb (VCNT1000-SB) OEM,32 890,True,Сеть компьютерных магазинов REGARD,https://www.regard.ru/catalog/tovar392569.htm
1636740280.951043,NVIDIA GeForce GTX 1660 Ti,PALIT GeForce GTX 1660 Ti 6144Mb DUAL (NE6166T018J9-1160C),68 990 ₽,True,ОнлайнТрейд,https://www.onlinetrade.ru/catalogue/videokarty-c338/palit/videokarta_palit_geforce_gtx_1660_ti_6144mb_dual_ne6166t018j9_1160c-2748054.html
1636740278.1889596,Quadro T1000,NVIDIA Quadro T1000 PNY 4Gb (VCNT1000-PB) ,33 640,True,Сеть компьютерных магазинов REGARD,https://www.regard.ru/catalog/tovar408493.htm
1636740278.1628711,Quadro RTX 5000,NVIDIA Quadro RTX5000 PNY 16Gb (VCQRTX5000-BSP) OEM,177 150,True,Сеть компьютерных магазинов REGARD,https://www.regard.ru/catalog/tovar312787.htm
1636740278.1889596,Quadro T1000,NVIDIA Quadro T1000 PNY 4Gb (VCNT1000-BLK/VCNT1000ATX/VCQT1000ATX) OEM,35 140,True,Сеть компьютерных магазинов REGARD,https://www.regard.ru/catalog/tovar392567.htm
1636740278.1628711,Quadro RTX 4000,NVIDIA Quadro RTX4000 PNY 8Gb (VCQRTX4000-SB) OEM,87 800,True,Сеть компьютерных магазинов REGARD,https://www.regard.ru/catalog/tovar391196.htm
1636740278.1628711,Quadro RTX 4000,NVIDIA Quadro RTX4000 PNY 8Gb (VCQRTX4000-BSP),90 770,True,Сеть компьютерных магазинов REGARD,https://www.regard.ru/catalog/tovar312546.htm
1636740278.1628711,Quadro RTX 4000,NVIDIA Quadro RTX4000 PNY 8Gb (VCQRTX4000BLK-1) OEM,87 800,True,Сеть компьютерных магазинов REGARD,https://www.regard.ru/catalog/tovar310007.htm
1636740278.1628711,Quadro RTX 4000,NVIDIA Quadro RTX4000 8Gb (900-5G160-2550-000) OEM,98 210,True,Сеть компьютерных магазинов REGARD,https://www.regard.ru/catalog/tovar409971.htm
1636740278.1628711,Quadro RTX A6000,NVIDIA Quadro RTX A6000 PNY 48Gb (VCNRTXA6000-SB) OEM,513 680,True,Сеть компьютерных магазинов REGARD,https://www.regard.ru/catalog/tovar393196.htm
1636740278.1628711,Quadro RTX A6000,NVIDIA Quadro RTX A6000 PNY 48Gb (VCNRTXA6000-PB),501 530,True,Сеть компьютерных магазинов REGARD,https://www.regard.ru/catalog/tovar379412.htm
1636740278.1628711,Quadro RTX 4000,NVIDIA Quadro RTX4000 PNY 8Gb (VCQRTX4000-PB),91 340,True,Сеть компьютерных магазинов REGARD,https://www.regard.ru/catalog/tovar311022.htm
1636740280.951043,NVIDIA GeForce GT 740,SINOTEX GeForce GT 740 4096Mb Ninja (NH74NP045F),10 090 ₽,True,ОнлайнТрейд,https://www.onlinetrade.ru/catalogue/videokarty-c338/sinotex/videokarta_sinotex_geforce_gt_740_4096mb_ninja_nh74np045f-2652343.html
1636740280.951043,NVIDIA GeForce GT 610,SINOTEX GeForce GT610 1024Mb Ninja (NK61NP013F),3 390 ₽,True,ОнлайнТрейд,https://www.onlinetrade.ru/catalogue/videokarty-c338/sinotex/videokarta_sinotex_geforce_gt610_1024mb_ninja_nk61np013f-2452702.html
1636740280.951043,NVIDIA GeForce GTX 1050 Ti,PALIT GeForce GTX 1050 Ti StormX 1290Mhz PCI-E 3.0 4096Mb 7000Mhz 128 bit HDMI DVI DisplayPort (NE5105T018G1-1070F),32 990 ₽,True,ОнлайнТрейд,https://www.onlinetrade.ru/catalogue/videokarty-c338/palit/videokarta_palit_geforce_gtx_1050_ti_stormx_1290mhz_pci_e_3.0_4096mb_7000mhz_128_bit_hdmi_dvi_displayport_ne5105t018g1_1070f-657483.html
1636740278.1628711,Quadro RTX A6000,NVIDIA Quadro RTX A6000 HP 48Gb (2S6U3AA),424 100,True,Сеть компьютерных магазинов REGARD,https://www.regard.ru/catalog/tovar410859.htm
1636740280.951043,NVIDIA GeForce GTX 1660 Super,MSI GTX 1660 SUPER VENTUS XS OC 6144Mb (GTX 1660 SUPER VENTUS XS OC RU),73 990 ₽,True,ОнлайнТрейд,https://www.onlinetrade.ru/catalogue/videokarty-c338/msi/videokarta_msi_gtx_1660_super_ventus_xs_oc_6144mb_gtx_1660_super_ventus_xs_oc_ru-1950253.html
1636740278.1628711,Quadro P400,NVIDIA Quadro P400 PNY 2Gb (VCQP400V2BLK-1) OEM,10 820,True,Сеть компьютерных магазинов REGARD,https://www.regard.ru/catalog/tovar349777.htm
1636740278.1628711,Quadro P400,NVIDIA Quadro P400 PNY 2Gb (VCQP400V2-PB) RTL,10 920,True,Сеть компьютерных магазинов REGARD,https://www.regard.ru/catalog/tovar349004.htm
1636740278.1628711,Quadro P400,NVIDIA Quadro P400 PNY 2Gb (VCQP400DVIV2BLK-1) OEM,10 280,True,Сеть компьютерных магазинов REGARD,https://www.regard.ru/catalog/tovar351610.htm
1636740278.1628711,Quadro P400,NVIDIA Quadro P400 Dell 2Gb (490-BDTB) OEM,10 190,True,Сеть компьютерных магазинов REGARD,https://www.regard.ru/catalog/tovar289721.htm
1636740278.1628711,Quadro P2000,NVIDIA Quadro P2000 PNY 5Gb (VCQP2000-PB),46 350,True,Сеть компьютерных магазинов REGARD,https://www.regard.ru/catalog/tovar246560.htm
1636740278.1628711,Quadro RTX A5000,NVIDIA Quadro RTX A5000 PNY 24Gb (VCNRTXA5000-PB),264 130,True,Сеть компьютерных магазинов REGARD,https://www.regard.ru/catalog/tovar404287.htm
1636740278.1628711,Quadro M6000,NVIDIA Quadro M6000 Dell 24Gb (490-BDNO),367 840,True,Сеть компьютерных магазинов REGARD,https://www.regard.ru/catalog/tovar323348.htm
1636740278.1628711,Quadro GP100,NVIDIA Quadro GP100 nVidia 16Gb RTL,572 910,True,Сеть компьютерных магазинов REGARD,https://www.regard.ru/catalog/tovar291924.htm
1636740278.1628711,GeForce RTX 3090,NVIDIA GeForce RTX3090 Gigabyte 24Gb (GV-N3090TURBO-24GD),300 880,True,Сеть компьютерных магазинов REGARD,https://www.regard.ru/catalog/tovar369654.htm
1636740278.1628711,GeForce RTX 3090,NVIDIA GeForce RTX3090 ASUS 24Gb (TURBO-RTX3090-24G) OEM,308 940,True,Сеть компьютерных магазинов REGARD,https://www.regard.ru/catalog/tovar374862.htm
1636740278.1628711,GeForce RTX 3080,NVIDIA GeForce RTX3080 PNY XLR8 GAMING REVEL EPIC-X LHR 10Gb (VCG308010LTFXP-BLK) OEM,165 340,True,Сеть компьютерных магазинов REGARD,https://www.regard.ru/catalog/tovar406896.htm
1636740278.1628711,GeForce RTX 3080,NVIDIA GeForce RTX3080 MSI 10Gb (RTX 3080 SEA HAWK X 10G LHR),173 880,True,Сеть компьютерных магазинов REGARD,https://www.regard.ru/catalog/tovar410482.htm
1636740278.1628711,GeForce RTX 3080,NVIDIA GeForce RTX3080 Gigabyte 10Gb LHR (GV-N3080AORUS X-10GD 2.0),173 380,True,Сеть компьютерных магазинов REGARD,https://www.regard.ru/catalog/tovar395140.htm
1636740278.1628711,GeForce RTX 3080,NVIDIA GeForce RTX3080 MSI 10Gb (RTX 3080 GAMING Z TRIO 10G LHR) ,163 510,True,Сеть компьютерных магазинов REGARD,https://www.regard.ru/catalog/tovar395435.htm
1636740278.1628711,GeForce RTX 3080,NVIDIA GeForce RTX3080 Gigabyte 10Gb LHR (GV-N3080GAMING OC-10GD 2.0) ,157 200,True,Сеть компьютерных магазинов REGARD,https://www.regard.ru/catalog/tovar394532.htm
1636740278.1628711,GeForce RTX 3080,NVIDIA GeForce RTX3080 ASUS 10Gb LHR (ROG-STRIX-RTX3080-O10G-WHITE-V2) ,183 010,True,Сеть компьютерных магазинов REGARD,https://www.regard.ru/catalog/tovar396590.htm
1636740278.1628711,GeForce RTX 3070,NVIDIA GeForce RTX3070 Palit GamingPro 8Gb LHR (NE63070019P2-1041A V1) ,105 630,True,Сеть компьютерных магазинов REGARD,https://www.regard.ru/catalog/tovar395462.htm
1636740278.1628711,GeForce RTX 3080,NVIDIA GeForce RTX3080 ASUS 10Gb LHR (TUF-RTX3080-O10G-V2-GAMING),170 680,True,Сеть компьютерных магазинов REGARD,https://www.regard.ru/catalog/tovar399590.htm
1636740283.0541604,NVIDIA GeForce RTX 3070,PALIT GeForce RTX 3070 LHR 8192Mb GAMINGPRO OC (NE63070S19P2-1041A V1),121 400 ₽,True,ОнлайнТрейд,https://www.onlinetrade.ru/catalogue/videokarty-c338/palit/videokarta_palit_geforce_rtx_3070_lhr_8192mb_gamingpro_oc_ne63070s19p2_1041a_v1-2752467.html
1636740283.0541604,NVIDIA GeForce GTX 1660 Ti,ASUS GeForce GTX 1660 Ti 6144Mb TUF GAMING OC (TUF-GTX1660TI-O6G-EVO-GAMING),64 990 ₽,True,ОнлайнТрейд,https://www.onlinetrade.ru/catalogue/videokarty-c338/asus/videokarta_asus_geforce_gtx_1660_ti_6144mb_tuf_gaming_oc_tuf_gtx1660ti_o6g_evo_gaming-2801575.html
1636740278.1628711,GeForce RTX 3080,NVIDIA GeForce RTX3080 ASUS 10Gb LHR (ROG-STRIX-RTX3080-O10G-V2-GAMING),175 690,True,Сеть компьютерных магазинов REGARD,https://www.regard.ru/catalog/tovar401944.htm
1636740283.0541604,NVIDIA T400,PNY NVIDIA T400 2048Mb (VCNT400-SB),10 790 ₽,True,ОнлайнТрейд,https://www.onlinetrade.ru/catalogue/videokarty-c338/pny/videokarta_pny_nvidia_t400_2048mb_vcnt400_sb-2799110.html
1636740283.0541604,NVIDIA GeForce GTX 1650,GIGABYTE GeForce GTX 1650 4096Mb D6 WINDFORCE OC 4G V2 (GV-N1656WF2OC-4GD V2),41 990 ₽,True,ОнлайнТрейд,https://www.onlinetrade.ru/catalogue/videokarty-c338/gigabyte/videokarta_gigabyte_geforce_gtx_1650_4096mb_d6_windforce_oc_4g_v2_gv_n1656wf2oc_4gd_v2-2264408.html
1636740283.0541604,NVIDIA GeForce GTX 1650,GIGABYTE GeForce GTX 1650 4096Mb D6 OC 2.0 (GV-N1656OC-4GD 2.0),38 990 ₽,True,ОнлайнТрейд,https://www.onlinetrade.ru/catalogue/videokarty-c338/gigabyte/videokarta_gigabyte_geforce_gtx_1650_4096mb_d6_oc_2.0_gv_n1656oc_4gd_2.0-2746442.html
1636740283.0541604,NVIDIA GeForce RTX 3060 Ti,MSI GeForce RTX 3060 Ti LHR 8192Mb VENTUS 2X OC V1 (RTX 3060 Ti VENTUS 2X 8G OCV1 LHR),109 990 ₽,True,ОнлайнТрейд,https://www.onlinetrade.ru/catalogue/videokarty-c338/msi/videokarta_msi_geforce_rtx_3060_ti_lhr_8192mb_ventus_2x_oc_v1_rtx_3060_ti_ventus_2x_8g_ocv1_lhr-2746449.html
1636740283.0541604,NVIDIA GeForce RTX 3070 Ti,Palit GeForce RTX 3070 Ti LHR 8192Mb GAMING PRO (NED307T019P2-1046A),139 990 ₽,False,ОнлайнТрейд,https://www.onlinetrade.ru/catalogue/videokarty-c338/palit/videokarta_palit_geforce_rtx_3070_ti_lhr_8192mb_gaming_pro_ned307t019p2_1046a-2684967.html
1636740283.0541604,NVIDIA GeForce RTX 3070,MSI GeForce RTX 3070 LHR 8192Mb GAMING Z TRIO 8G (RTX 3070 GAMING Z TRIO 8G LHR),115 990 ₽,True,ОнлайнТрейд,https://www.onlinetrade.ru/catalogue/videokarty-c338/msi/videokarta_msi_geforce_rtx_3070_lhr_8192mb_gaming_z_trio_8g_rtx_3070_gaming_z_trio_8g_lhr-2769709.html
1636740283.0541604,NVIDIA GeForce GT 730,COLORFUL GeForce GT 730 2048Mb (GT730K 2GD3-V),5 700 ₽,True,ОнлайнТрейд,https://www.onlinetrade.ru/catalogue/videokarty-c338/colorful/videokarta_colorful_geforce_gt_730_2048mb_gt730k_2gd3_v-2664395.html
1636740283.0541604,NVIDIA GeForce GTX 1650,ASUS GeForce GTX 1650 4096Mb GAMING (TUF-GTX1650-4GD6-GAMING),43 990 ₽,True,ОнлайнТрейд,https://www.onlinetrade.ru/catalogue/videokarty-c338/asus/videokarta_asus_geforce_gtx_1650_4096mb_gaming_tuf_gtx1650_4gd6_gaming-2178833.html
1636740283.0541604,NVIDIA GeForce RTX 3060,Palit GeForce RTX 3060 LHR 12288Mb StormX (NE63060019K9-190AF),78 990 ₽,True,ОнлайнТрейд,https://www.onlinetrade.ru/catalogue/videokarty-c338/palit/videokarta_palit_geforce_rtx_3060_lhr_12288mb_stormx_ne63060019k9_190af-2544307.html
1636740283.0541604,NVIDIA GeForce GTX 1650,GIGABYTE GeForce GTX 1650 PCI-E 3.0 4096Mb 128 bit Display Port HDMI HDCP OC (GV-N1650OC-4GD),40 990 ₽,True,ОнлайнТрейд,https://www.onlinetrade.ru/catalogue/videokarty-c338/gigabyte/videokarta_gigabyte_geforce_gtx_1650_pci_e_3.0_4096mb_128_bit_display_port_hdmi_hdcp_oc_gv_n1650oc_4gd-1790562.html
1636740283.4059649,NVIDIA GeForce GT 730,SINOTEX GeForce GT 730 Ninja 4096Mb (NK73NP043F),6 990 ₽,True,ОнлайнТрейд,https://www.onlinetrade.ru/catalogue/videokarty-c338/sinotex/videokarta_sinotex_geforce_gt_730_ninja_4096mb_nk73np043f-1923639.html
1636740283.0541604,NVIDIA GeForce RTX 3060,ASUS GeForce RTX 3060 LHR 12288Mb PHOENIX V2 (PH-RTX3060-12G-V2),80 990 ₽,True,ОнлайнТрейд,https://www.onlinetrade.ru/catalogue/videokarty-c338/asus/videokarta_asus_geforce_rtx_3060_lhr_12288mb_phoenix_v2_ph_rtx3060_12g_v2-2713546.html
1636740283.4059649,NVIDIA GeForce GTX 1650,Palit GeForce GTX 1650 4096Mb GP (NE6165001BG1-1175A),39 990 ₽,True,ОнлайнТрейд,https://www.onlinetrade.ru/catalogue/videokarty-c338/palit/videokarta_palit_geforce_gtx_1650_4096mb_gp_ne6165001bg1_1175a-2136989.html
1636740283.4059649,NVIDIA GeForce GTX 1050 Ti,GIGABYTE GeForce GTX 1050 Ti 1290Mhz PCI-E 3.0 4096Mb 7008Mhz 128 bit DVI HDMI HDCP (GV-N105TD5-4GD),35 990 ₽,True,ОнлайнТрейд,https://www.onlinetrade.ru/catalogue/videokarty-c338/gigabyte/videokarta_gigabyte_geforce_gtx_1050_ti_1290mhz_pci_e_3.0_4096mb_7008mhz_128_bit_dvi_hdmi_hdcp_gv_n105td5_4gd-666723.html
1636740283.4059649,NVIDIA GeForce GTX 1660 Ti,ASUS GeForce GTX 1660 Ti 6144Mb TUF GAMING (TUF-GTX1660TI-6G-EVO-GAMING),63 990 ₽,True,ОнлайнТрейд,https://www.onlinetrade.ru/catalogue/videokarty-c338/asus/videokarta_asus_geforce_gtx_1660_ti_6144mb_tuf_gaming_tuf_gtx1660ti_6g_evo_gaming-2837214.html
1636740283.4059649,NVIDIA GeForce RTX 3060 Ti,GIGABYTE GeForce RTX 3060 Ti LHR 8192Mb GAMING OC PRO 3.0 (GV-N306TGAMINGOC PRO-8GD 3.0),111 990 ₽,True,ОнлайнТрейд,https://www.onlinetrade.ru/catalogue/videokarty-c338/gigabyte/videokarta_gigabyte_geforce_rtx_3060_ti_lhr_8192mb_gaming_oc_pro_3.0_gv_n306tgamingoc_pro_8gd_3.0-2664373.html
1636740283.4059649,NVIDIA GeForce RTX 3060,MSI GeForce RTX 3060 LHR 12288Mb GAMING X (RTX 3060 GAMING X 12G),89 990 ₽,False,ОнлайнТрейд,https://www.onlinetrade.ru/catalogue/videokarty-c338/msi/videokarta_msi_geforce_rtx_3060_lhr_12288mb_gaming_x_rtx_3060_gaming_x_12g-2486205.html
1636740283.4059649,NVIDIA GeForce RTX 3080 Ti,GIGABYTE GeForce RTX 3080 Ti LHR 12288Mb GAMING OC (GV-N308TGAMING OC-12GD),219 990 ₽,True,ОнлайнТрейд,https://www.onlinetrade.ru/catalogue/videokarty-c338/gigabyte/videokarta_gigabyte_geforce_rtx_3080_ti_lhr_12288mb_gaming_oc_gv_n308tgaming_oc_12gd-2603570.html
1636740283.4059649,NVIDIA Quadro P400,PNY Quadro P400 2048Mb VCQP400DVIV2-PB,11 090 ₽,True,ОнлайнТрейд,https://www.onlinetrade.ru/catalogue/videokarty-c338/pny/videokarta_pny_quadro_p400_2048mb_vcqp400dviv2_pb-2095334.html
1636740283.4059649,AMD Radeon R7 350,SINOTEX Radeon R7 350 2048Mb (AHR735025F),7 490 ₽,True,ОнлайнТрейд,https://www.onlinetrade.ru/catalogue/videokarty-c338/sinotex/videokarta_sinotex_radeon_r7_350_2048mb_ahr735025f-2224176.html
1636740283.4059649,NVIDIA GeForce RTX 3060 Ti,Palit GeForce RTX 3060 Ti LHR 8192Mb Dual (NE6306T019P2-190AD),101 990 ₽,True,ОнлайнТрейд,https://www.onlinetrade.ru/catalogue/videokarty-c338/palit/videokarta_palit_geforce_rtx_3060_ti_lhr_8192mb_dual_ne6306t019p2_190ad_ne6306t019p2_190ad_v1-2394602.html
1636740283.4059649,NVIDIA GeForce GT 610,AFOX GeForce GT 610 2048Mb AF610-2048D3L5,3 650 ₽,True,ОнлайнТрейд,https://www.onlinetrade.ru/catalogue/videokarty-c338/afox/videokarta_afox_geforce_gt_610_2048mb_af610_2048d3l5-2151395.html
1636740283.4059649,AMD Radeon RX 6600 XT,SAPPHIRE Radeon RX 6600 XT 8192Mb NITRO+ OC (11309-01-20G),81 990 ₽,True,ОнлайнТрейд,https://www.onlinetrade.ru/catalogue/videokarty-c338/sapphire/videokarta_sapphire_radeon_rx_6600_xt_8192mb_nitro_oc_11309_01_20g-2765617.html
1636740283.4059649,NVIDIA GeForce GT 1030,Palit GeForce GT 1030 1151Mhz PCI-E 3.0 2048Mb 2100Mhz 64 bit HDMI DVI (NEC103000646-1082F),7 730 ₽,True,ОнлайнТрейд,https://www.onlinetrade.ru/catalogue/videokarty-c338/palit/videokarta_palit_geforce_gt_1030_1151mhz_pci_e_3.0_2048mb_2100mhz_64_bit_hdmi_dvi_nec103000646_1082f-1495026.html
1636740284.3157132,AMD Radeon RX 6600,MSI Radeon RX 6600 8192Mb MECH 2X (RX 6600 MECH 2X 8G),69 990 ₽,True,ОнлайнТрейд,https://www.onlinetrade.ru/catalogue/videokarty-c338/msi/videokarta_msi_radeon_rx_6600_8192mb_mech_2x_rx_6600_mech_2x_8g-2830661.html
1636740283.4059649,NVIDIA GeForce RTX 3070,GIGABYTE GeForce RTX 3070 8192Mb GAMING OC (GV-N3070GAMING OC-8GD),179 990 ₽,True,ОнлайнТрейд,https://www.onlinetrade.ru/catalogue/videokarty-c338/gigabyte/videokarta_gigabyte_geforce_rtx_3070_8192mb_gaming_oc_gv_n3070gaming_oc_8gd-2300937.html
1636740284.3157132,NVIDIA Quadro P400,PNY Quadro P400 V2 2048Mb OEM (VCQP400DVIV2BLK-1),10 670 ₽,True,ОнлайнТрейд,https://www.onlinetrade.ru/catalogue/videokarty-c338/pny/videokarta_pny_quadro_p400_v2_2048mb_oem_vcqp400dviv2blk_1-2105273.html
1636740284.3157132,AMD Radeon RX 6900 XT,ASUS Radeon RX 6900 XT 16384Mb ROG STRIX LC GAMING (ROG-STRIX-LC-RX6900XT-T16G-GAMING),161 990 ₽,True,ОнлайнТрейд,https://www.onlinetrade.ru/catalogue/videokarty-c338/asus/videokarta_asus_radeon_rx_6900_xt_16384mb_rog_strix_lc_gaming_rog_strix_lc_rx6900xt_t16g_gaming-2664358.html
1636740284.3157132,NVIDIA GeForce RTX 3060,GIGABYTE GeForce RTX 3060 LHR 12288Mb EAGLE 2.0 (GV-N3060EAGLE-12GD 2.0),85 990 ₽,True,ОнлайнТрейд,https://www.onlinetrade.ru/catalogue/videokarty-c338/gigabyte/videokarta_gigabyte_geforce_rtx_3060_lhr_12288mb_eagle_2.0_gv_n3060eagle_12gd_2.0-2818493.html
1636740284.3157132,AMD Radeon RX 6800 XT,SAPPHIRE Radeon RX 6800 XT 16384Mb PULSE (11304-03-20G),159 990 ₽,True,ОнлайнТрейд,https://www.onlinetrade.ru/catalogue/videokarty-c338/sapphire/videokarta_sapphire_radeon_rx_6800_xt_16384mb_pulse_11304_03_20g-2655417.html
1636740284.3157132,NVIDIA GeForce RTX 2060 Super,MSI GeForce RTX 2060 SUPER 8192Mb VENTUS OC (RTX 2060 SUPER VENTUS OC RU) OEM,105 990 ₽,True,ОнлайнТрейд,https://www.onlinetrade.ru/catalogue/videokarty-c338/msi/videokarta_msi_geforce_rtx_2060_super_8192mb_ventus_oc_rtx_2060_super_ventus_oc_ru_oem-2607365.html
1636740284.3157132,NVIDIA GeForce GT 730,SINOTEX GeForce GT 730 Ninja 2048Mb (NK73NP023F),6 000 ₽,True,ОнлайнТрейд,https://www.onlinetrade.ru/catalogue/videokarty-c338/sinotex/videokarta_sinotex_geforce_gt_730_ninja_2048mb_nk73np023f-1923638.html
1636740284.3157132,NVIDIA GeForce RTX 3080,GIGABYTE GeForce RTX 3080 LHR 10240Mb VISION OC 2.0 (GV-N3080VISION OC-10GD 2.0),193 400 ₽,True,ОнлайнТрейд,https://www.onlinetrade.ru/catalogue/videokarty-c338/gigabyte/videokarta_gigabyte_geforce_rtx_3080_lhr_10240mb_vision_oc_2.0_gv_n3080vision_oc_10gd_2.0-2713547.html
1636740284.3157132,NVIDIA GeForce RTX 3080 Ti,GIGABYTE GeForce RTX 3080 Ti LHR 12288Mb VISION OC (GV-N308TVISION OC-12GD),229 990 ₽,True,ОнлайнТрейд,https://www.onlinetrade.ru/catalogue/videokarty-c338/gigabyte/videokarta_gigabyte_geforce_rtx_3080_ti_lhr_12288mb_vision_oc_gv_n308tvision_oc_12gd-2666127.html
1636740284.3157132,AMD Radeon Pro WX 3200,DELL Radeon Pro WX 3200 4096Mb LP (490-BFQS) OEM,16 000 ₽,True,ОнлайнТрейд,https://www.onlinetrade.ru/catalogue/videokarty-c338/dell/videokarta_dell_radeon_pro_wx_3200_4096mb_lp_490_bfqs_oem-2288751.html
1636740284.3157132,NVIDIA Quadro P1000,PNY Quadro P1000 V2 4096Mb OEM (VCQP1000DVIV2BLK-1),31 990 ₽,True,ОнлайнТрейд,https://www.onlinetrade.ru/catalogue/videokarty-c338/pny/videokarta_pny_quadro_p1000_v2_4096mb_oem_vcqp1000dviv2blk_1-2105274.html
1636740284.3157132,NVIDIA GeForce GTX 1650,GIGABYTE GeForce GTX 1650 OC (GV-N1650OC-4GL),40 990 ₽,True,ОнлайнТрейд,https://www.onlinetrade.ru/catalogue/videokarty-c338/gigabyte/videokarta_gigabyte_geforce_gtx_1650_oc_gv_n1650oc_4gl-1954097.html
1636740284.3157132,NVIDIA GeForce GTX 1650,Asus GeForce GTX 1650 4096Mb PHOENIX OC (PH-GTX1650-O4GD6-P),39 990 ₽,True,ОнлайнТрейд,https://www.onlinetrade.ru/catalogue/videokarty-c338/asus/videokarta_asus_geforce_gtx_1650_4096mb_phoenix_oc_ph_gtx1650_o4gd6_p-2332572.html
1636740284.3157132,NVIDIA Quadro P2200,PNY GeForce Quadro P2200 5120Mb (VCQP2200BLK-1),56 990 ₽,True,ОнлайнТрейд,https://www.onlinetrade.ru/catalogue/videokarty-c338/pny/videokarta_pny_geforce_quadro_p2200_5120mb_vcqp2200blk_1-1902106.html
1636740284.3157132,NVIDIA GeForce GT 720,AFOX GeForce G210 LP 1024Mb (AF210-1024D3L5-V3),2 990 ₽,True,ОнлайнТрейд,https://www.onlinetrade.ru/catalogue/videokarty-c338/afox/videokarta_afox_geforce_g210_lp_1024mb_af210_1024d3l5_v3-2769719.html
1636740283.4059649,NVIDIA GeForce GTX 1660,GIGABYTE GeForce GTX 1660 PCI-E 3.0 6144Mb 192 bit 3xDisplayPort HDMI OC (GV-N1660OC-6GD),63 990 ₽,True,ОнлайнТрейд,https://www.onlinetrade.ru/catalogue/videokarty-c338/gigabyte/videokarta_gigabyte_geforce_gtx_1660_pci_e_3.0_6144mb_192_bit_3xdisplayport_hdmi_oc_gv_n1660oc_6gd-1727899.html
1636740286.0848913,NVIDIA GeForce RTX 3080 Ti,PALIT GeForce RTX 3080 Ti LHR 12288Mb GAMEROCK (NED308T019KB-1020G),219 990 ₽,True,ОнлайнТрейд,https://www.onlinetrade.ru/catalogue/videokarty-c338/palit/videokarta_palit_geforce_rtx_3080_ti_lhr_12288mb_gamerock_ned308t019kb_1020g-2666125.html
1636740283.0541604,NVIDIA GeForce RTX 3070 Ti,MSI GeForce RTX 3070 Ti LHR 8192Mb VENTUS 3X OC (RTX 3070 Ti LHR VENTUS 3X 8G OC),136 990 ₽,True,ОнлайнТрейд,https://www.onlinetrade.ru/catalogue/videokarty-c338/msi/videokarta_msi_geforce_rtx_3070_ti_lhr_8192mb_ventus_3x_oc_rtx_3070_ti_lhr_ventus_3x_8g_oc_rtx_3070_ti_ventus_3x_8g_oc-2679997.html
1636740283.0541604,NVIDIA GeForce RTX 3080 Ti,MSI GeForce RTX 3080 Ti LHR 12288Mb VENTUS 3X OC (RTX 3080 Ti LHR VENTUS 3X 12G OC),217 990 ₽,True,ОнлайнТрейд,https://www.onlinetrade.ru/catalogue/videokarty-c338/msi/videokarta_msi_geforce_rtx_3080_ti_lhr_12288mb_ventus_3x_oc_rtx_3080_ti_lhr_ventus_3x_12g_oc_rtx_3080_ti_ventus_3x_12g_oc-2684962.html
1636740286.0848913,AMD Radeon R5 230,SINOTEX Radeon R5 230 2048Mb (AKR523023F),3 790 ₽,True,ОнлайнТрейд,https://www.onlinetrade.ru/catalogue/videokarty-c338/sinotex/videokarta_sinotex_radeon_r5_230_2048mb_akr523023f-2367554.html
1636740286.0848913,AMD Radeon RX 6900 XT,Asus Radeon RX 6900 XT 16384Mb TUF GAMING OC (TUF-RX6900XT-O16G-GAMING),175 990 ₽,True,ОнлайнТрейд,https://www.onlinetrade.ru/catalogue/videokarty-c338/asus/videokarta_asus_radeon_rx_6900_xt_16384mb_tuf_gaming_oc_tuf_rx6900xt_o16g_gaming-2412726.html
1636740286.0848913,NVIDIA GeForce GTX 1650,MSI GeForce GTX 1650 PCI-E 3.0 4096Mb 128 bit DVI HDMI Display Port HDCP VENTUS XS OC (GTX 1650 VENTUS XS 4G OC),40 990 ₽,True,ОнлайнТрейд,https://www.onlinetrade.ru/catalogue/videokarty-c338/msi/videokarta_msi_geforce_gtx_1650_pci_e_3.0_4096mb_128_bit_dvi_hdmi_display_port_hdcp_ventus_xs_oc_gtx_1650_ventus_xs_4g_oc-1791439.html
1636740286.0848913,NVIDIA GeForce GTX 1660 Ti,Palit GeForce GTX 1660 Ti PCI-E 3.0 6144Mb 192 bit DVI HDMI Display Port HDCP StormX (NE6166T018J9-161F),62 990 ₽,True,ОнлайнТрейд,https://www.onlinetrade.ru/catalogue/videokarty-c338/palit/videokarta_palit_geforce_gtx_1660_ti_pci_e_3.0_6144mb_192_bit_dvi_hdmi_display_port_hdcp_stormx_ne6166t018j9_161f-1693664.html
1636740286.0848913,NVIDIA GeForce RTX 3080 Ti,MSI GeForce RTX 3080 Ti LHR 12288Mb GAMING X TRIO (RTX 3080 Ti LHR GAMING X TRIO 12G),229 990 ₽,True,ОнлайнТрейд,https://www.onlinetrade.ru/catalogue/videokarty-c338/msi/videokarta_msi_geforce_rtx_3080_ti_lhr_12288mb_gaming_x_trio_rtx_3080_ti_lhr_gaming_x_trio_12g_rtx_3080_ti_gaming_x_trio_12g-2641917.html
1636740286.0848913,NVIDIA T400,PNY NVIDIA T400 2048Mb (VCNT400-BLK),10 580 ₽,True,ОнлайнТрейд,https://www.onlinetrade.ru/catalogue/videokarty-c338/pny/videokarta_pny_nvidia_t400_2048mb_vcnt400_blk-2816289.html
1636740286.0848913,NVIDIA Quadro P620,PNY Quadro P620 2048Mb (VCQP620V2-BLK),14 400 ₽,True,ОнлайнТрейд,https://www.onlinetrade.ru/catalogue/videokarty-c338/pny/videokarta_pny_quadro_p620_2048mb_vcqp620v2_blk-2278997.html
1636740286.0848913,AMD Radeon RX 6900 XT,SAPPHIRE TOXIC AMD Radeon™ RX 6900 XT Extreme Edition (11308-08-20G),179 990 ₽,True,ОнлайнТрейд,https://www.onlinetrade.ru/catalogue/videokarty-c338/sapphire/videokarta_sapphire_toxic_amd_radeon_rx_6900_xt_extreme_edition_11308_08_20g-2631884.html
1636740286.0848913,NVIDIA Quadro P400,PNY Quadro P400 2048Mb VCQP400V2-PB,10 810 ₽,True,ОнлайнТрейд,https://www.onlinetrade.ru/catalogue/videokarty-c338/pny/videokarta_pny_quadro_p400_2048mb_vcqp400v2_pb-2095337.html
1636740286.0848913,NVIDIA GeForce RTX 3080,MSI GeForce RTX 3080 LHR 10240Mb GAMING Z TRIO (RTX 3080 GAMING Z TRIO 10G LHR),168 990 ₽,True,ОнлайнТрейд,https://www.onlinetrade.ru/catalogue/videokarty-c338/msi/videokarta_msi_geforce_rtx_3080_lhr_10240mb_gaming_z_trio_rtx_3080_gaming_z_trio_10g_lhr-2747998.html
1636740286.0848913,AMD Radeon RX 6700 XT,SAPPHIRE Radeon RX 6700 XT 12288Mb GAMING PULSE (11306-02-20G),115 990 ₽,True,ОнлайнТрейд,https://www.onlinetrade.ru/catalogue/videokarty-c338/sapphire/videokarta_sapphire_radeon_rx_6700_xt_12288mb_gaming_pulse_11306_02_20g-2550871.html
1636740286.0848913,NVIDIA GeForce GT 220,SINOTEX GeForce GT220 1024Mb Ninja (NH22NP013F),3 190 ₽,True,ОнлайнТрейд,https://www.onlinetrade.ru/catalogue/videokarty-c338/sinotex/videokarta_sinotex_geforce_gt220_1024mb_ninja_nh22np013f-2281956.html
1636740286.0848913,NVIDIA GeForce RTX 3070,GIGABYTE GeForce RTX 3070 LHR 8192Mb AORUS MASTER V2.0 (GV-N3070AORUS M-8GD 2.0),115 990 ₽,True,ОнлайнТрейд,https://www.onlinetrade.ru/catalogue/videokarty-c338/gigabyte/videokarta_gigabyte_geforce_rtx_3070_lhr_8192mb_aorus_master_v2.0_gv_n3070aorus_m_8gd_2.0-2818490.html
1636740287.157227,AMD Radeon RX 6800,SAPPHIRE Radeon RX 6800 16384Mb PULSE (11305-02-20G),159 990 ₽,True,ОнлайнТрейд,https://www.onlinetrade.ru/catalogue/videokarty-c338/sapphire/videokarta_sapphire_radeon_rx_6800_16384mb_pulse_11305_02_20g-2406412.html
1636740287.157227,NVIDIA GeForce RTX 3060 Ti,KFA2 GeForce RTX 3060 Ti LHR 8192Mb CORE (1-Click OC) (36ISL6MD1VQK),93 990 ₽,False,ОнлайнТрейд,https://www.onlinetrade.ru/catalogue/videokarty-c338/kfa2/videokarta_kfa2_geforce_rtx_3060_ti_lhr_8192mb_core_1_click_oc_36isl6md1vqk-2868332.html
1636740287.157227,NVIDIA GeForce RTX 3080 Ti,COLORFUL GeForce RTX 3080 Ti LHR 12288Mb NB-V (RTX 3080 Ti NB-V),194 990 ₽,False,ОнлайнТрейд,https://www.onlinetrade.ru/catalogue/videokarty-c338/colorful/videokarta_colorful_geforce_rtx_3080_ti_lhr_12288mb_nb_v_rtx_3080_ti_nb_v-2868512.html
1636740287.157227,NVIDIA GeForce RTX 3060 Ti,PNY GeForce RTX 3060 Ti LHR 8192Mb XLR8 REVEL EPIC-X (VCG3060T8LDFXPPB),96 990 ₽,True,ОнлайнТрейд,https://www.onlinetrade.ru/catalogue/videokarty-c338/pny/videokarta_pny_geforce_rtx_3060_ti_lhr_8192mb_xlr8_revel_epic_x_vcg3060t8ldfxppb-2868516.html
1636740286.0848913,NVIDIA GeForce GTX 1050 Ti,Asus GeForce GTX 1050 Ti 1290Mhz PCI-E 3.0 4096Mb 7008Mhz 128 bit DVI HDMI HDCP Phoenix (PH-GTX1050TI-4G),37 990 ₽,True,ОнлайнТрейд,https://www.onlinetrade.ru/catalogue/videokarty-c338/asus/videokarta_asus_geforce_gtx_1050_ti_1290mhz_pci_e_3.0_4096mb_7008mhz_128_bit_dvi_hdmi_hdcp_phoenix_ph_gtx1050ti_4g-668130.html
1636740287.157227,NVIDIA GeForce RTX 3080,ASUS GeForce RTX 3080 LHR 10240Mb ROG STRIX GAMING OC V2 (ROG-STRIX-RTX3080-O10G-V2-GAMING),197 200 ₽,True,ОнлайнТрейд,https://www.onlinetrade.ru/catalogue/videokarty-c338/asus/videokarta_asus_geforce_rtx_3080_lhr_10240mb_rog_strix_gaming_oc_v2_rog_strix_rtx3080_o10g_v2_gaming-2713543.html
1636740287.157227,NVIDIA T400,PNY NVIDIA T400 2048Mb (VCNT400-PB),11 990 ₽,True,ОнлайнТрейд,https://www.onlinetrade.ru/catalogue/videokarty-c338/pny/videokarta_pny_nvidia_t400_2048mb_vcnt400_pb-2816291.html
1636740287.157227,AMD Radeon RX 6700 XT,XFX Radeon RX 6700 XT 12288Mb Speedster MERC319 BLACK Gaming (RX-67XTYTBDP),108 990 ₽,False,ОнлайнТрейд,https://www.onlinetrade.ru/catalogue/videokarty-c338/xfx/videokarta_xfx_radeon_rx_6700_xt_12288mb_speedster_merc319_black_gaming_rx_67xtytbdp-2552721.html
1636740287.157227,NVIDIA GeForce GT 730,MSI GeForce GT 730 2048Mb OC V5 (N730K-2GD3/OCV5),6 390 ₽,True,ОнлайнТрейд,https://www.onlinetrade.ru/catalogue/videokarty-c338/msi/videokarta_msi_geforce_gt_730_2048mb_oc_v5_n730k_2gd3_ocv5-2770032.html
1636740287.157227,AMD Radeon RX 6600 XT,ASROCK RX 6600 XT 8192Mb Challenger D OC (RX6600XT CLD 8GO),75 990 ₽,True,ОнлайнТрейд,https://www.onlinetrade.ru/catalogue/videokarty-c338/asrock/videokarta_asrock_rx_6600_xt_8192mb_challenger_d_oc_rx6600xt_cld_8go-2766911.html
1636740287.157227,NVIDIA GeForce GTX 1650,Palit GeForce GTX 1650 4096Mb GP OC (NE61650S1BG1-1175A),41 590 ₽,True,ОнлайнТрейд,https://www.onlinetrade.ru/catalogue/videokarty-c338/palit/videokarta_palit_geforce_gtx_1650_4096mb_gp_oc_ne61650s1bg1_1175a-2136990.html
1636740287.157227,NVIDIA Quadro P1000,PNY Quadro P1000 4096Mb VCQP1000V2-PB,32 790 ₽,True,ОнлайнТрейд,https://www.onlinetrade.ru/catalogue/videokarty-c338/pny/videokarta_pny_quadro_p1000_4096mb_vcqp1000v2_pb-2095333.html
1636740287.157227,NVIDIA GeForce GT 730,MSI GeForce GT 730 700Mhz PCI-E 2.0 2048Mb 1800Mhz 128 bit DVI HDMI HDCP V2 (N730-2GD3V2),6 990 ₽,True,ОнлайнТрейд,https://www.onlinetrade.ru/catalogue/videokarty-c338/msi/videokarta_msi_geforce_gt_730_700mhz_pci_e_2.0_2048mb_1800mhz_128_bit_dvi_hdmi_hdcp_v2_n730_2gd3v2-1541373.html
1636740287.157227,NVIDIA GeForce GTX 1050 Ti,Asus GeForce GTX 1050 Ti 1366Mhz PCI-E 3.0 4096Mb 7008Mhz 128 bit DVI HDMI HDCP Cerberus (CERBERUS-GTX1050TI-O4G),40 990 ₽,True,ОнлайнТрейд,https://www.onlinetrade.ru/catalogue/videokarty-c338/asus/videokarta_asus_geforce_gtx_1050_ti_1366mhz_pci_e_3.0_4096mb_7008mhz_128_bit_dvi_hdmi_hdcp_cerberus_cerberus_gtx1050ti_o4g-1310609.html
1636740287.157227,NVIDIA GeForce GT 730,"MSI GeForce GT 730 902Mhz PCI-E 2.0 2048Mb 1600Mhz 64 bit DVI, HDMI, HDCP",6 400 ₽,True,ОнлайнТрейд,https://www.onlinetrade.ru/catalogue/videokarty-c338/msi/videokarta_msi_geforce_gt_730_902mhz_pci_e_2.0_2048mb_1600mhz_64_bit_dvi_hdmi_hdcp_n730k_2gd3h_lp-317334.html
1636740287.157227,NVIDIA GeForce RTX 3060,GIGABYTE GeForce RTX 3060 LHR 12288Mb VISION OC 2.0 (GV-N3060VISION OC-12GD 2.0),89 990 ₽,True,ОнлайнТрейд,https://www.onlinetrade.ru/catalogue/videokarty-c338/gigabyte/videokarta_gigabyte_geforce_rtx_3060_lhr_12288mb_vision_oc_2.0_gv_n3060vision_oc_12gd_2.0-2664377.html
1636740288.1359973,AMD Radeon RX 6600,ASUS Radeon RX 6600 8192Mb DUAL (DUAL-RX6600-8G),69 990 ₽,True,ОнлайнТрейд,https://www.onlinetrade.ru/catalogue/videokarty-c338/asus/videokarta_asus_radeon_rx_6600_8192mb_dual_dual_rx6600_8g-2852966.html
1636740288.1359973,NVIDIA GeForce RTX 3060 Ti,GIGABYTE GeForce RTX 3060 Ti LHR 8192Mb GAMING 2.0 (GV-N306TGAMING-8GD 2.0),97 990 ₽,False,ОнлайнТрейд,https://www.onlinetrade.ru/catalogue/videokarty-c338/gigabyte/videokarta_gigabyte_geforce_rtx_3060_ti_lhr_8192mb_gaming_2.0_gv_n306tgaming_8gd_2.0-2875823.html
1636740288.1359973,NVIDIA GeForce GT 730,"GIGABYTE GeForce GT 730 902Mhz PCI-E 2.0 2048Mb 5000Mhz 64 bit DVI,HDMI (GV-N730D5-2GL)",7 000 ₽,True,ОнлайнТрейд,https://www.onlinetrade.ru/catalogue/videokarty-c338/gigabyte/videokarta_gigabyte_geforce_gt_730_902mhz_pci_e_2.0_2048mb_5000mhz_64_bit_dvi_hdmi_gv_n730d5_2gl-1205010.html
1636740288.1359973,NVIDIA GeForce GTX 1650,MSI GeForce GTX 1650 4096Mb D6 AERO ITX OC V1 (GTX 1650 D6 AERO ITX OCV1),39 990 ₽,True,ОнлайнТрейд,https://www.onlinetrade.ru/catalogue/videokarty-c338/msi/videokarta_msi_geforce_gtx_1650_4096mb_d6_aero_itx_oc_v1_gtx_1650_d6_aero_itx_ocv1-2277787.html
1636740288.1359973,NVIDIA GeForce GT 730,ZOTAC GeForce GT 730 Zone Edition 4096 (ZT-71115-20L),7 200 ₽,True,ОнлайнТрейд,https://www.onlinetrade.ru/catalogue/videokarty-c338/zotac/videokarta_zotac_geforce_gt_730_zone_edition_4096_zt_71115_20l-1923648.html
1636740288.1359973,AMD Radeon RX 6600 XT,ASUS Radeon RX 6600 XT 8192Mb DUAL OC (DUAL-RX6600XT-O8G),75 990 ₽,True,ОнлайнТрейд,https://www.onlinetrade.ru/catalogue/videokarty-c338/asus/videokarta_asus_radeon_rx_6600_xt_8192mb_dual_oc_dual_rx6600xt_o8g-2801569.html
1636740288.1359973,NVIDIA GeForce RTX 3080,ASUS GeForce RTX 3080 LHR 10240Mb TUF GAMING (TUF-RTX3080-10G-V2-GAMING),163 990 ₽,True,ОнлайнТрейд,https://www.onlinetrade.ru/catalogue/videokarty-c338/asus/videokarta_asus_geforce_rtx_3080_lhr_10240mb_tuf_gaming_tuf_rtx3080_10g_v2_gaming-2777960.html
1636740288.1359973,NVIDIA GeForce RTX 3080,GIGABYTE GeForce RTX 3080 10240Mb GAMING OC WATERFORCE WB 10G (GV-N3080GAMINGOC WB-10GD),239 990 ₽,True,ОнлайнТрейд,https://www.onlinetrade.ru/catalogue/videokarty-c338/gigabyte/videokarta_gigabyte_geforce_rtx_3080_10240mb_gaming_oc_waterforce_wb_10g_gv_n3080gamingoc_wb_10gd-2662277.html
1636740288.1359973,NVIDIA GeForce RTX 3080,GIGABYTE GeForce RTX 3080 LHR 10240Mb AORUS XTREME 2.0 (GV-N3080AORUS X-10GD 2.0),179 990 ₽,True,ОнлайнТрейд,https://www.onlinetrade.ru/catalogue/videokarty-c338/gigabyte/videokarta_gigabyte_geforce_rtx_3080_lhr_10240mb_aorus_xtreme_2.0_gv_n3080aorus_x_10gd_2.0-2746444.html
1636740288.1359973,AMD Radeon RX 6700 XT,XFX Radeon RX 6700 XT 12288Mb Speedster QICK319 BLACK (RX-67XTYPBDP),110 990 ₽,True,ОнлайнТрейд,https://www.onlinetrade.ru/catalogue/videokarty-c338/xfx/videokarta_xfx_radeon_rx_6700_xt_12288mb_speedster_qick319_black_rx_67xtypbdp-2603576.html
1636740288.1359973,NVIDIA GeForce RTX 3090,GIGABYTE GeForce RTX 3090 24576Mb GAMING OC (GV-N3090GAMING OC-24GD),317 990 ₽,True,ОнлайнТрейд,https://www.onlinetrade.ru/catalogue/videokarty-c338/gigabyte/videokarta_gigabyte_geforce_rtx_3090_24576mb_gaming_oc_gv_n3090gaming_oc_24gd-2278992.html
1636740288.1359973,NVIDIA GeForce RTX 3080,GIGABYTE GeForce RTX 3080 10240Mb AORUS GAMING BOX (GV-N3080IXEB-10GD),232 320 ₽,True,ОнлайнТрейд,https://www.onlinetrade.ru/catalogue/videokarty-c338/gigabyte/videokarta_gigabyte_geforce_rtx_3080_10240mb_aorus_gaming_box_gv_n3080ixeb_10gd-2406397.html
1636740288.1359973,NVIDIA Quadro P400,PNY Quadro P400 2048Mb (VCQP400V2-SB),10 690 ₽,True,ОнлайнТрейд,https://www.onlinetrade.ru/catalogue/videokarty-c338/pny/videokarta_pny_quadro_p400_2048mb_vcqp400v2_sb-2210413.html
1636740288.1359973,NVIDIA GeForce GT 1030,GIGABYTE GeForce GT 1030 1177Mhz PCI-E 3.0 2048Mb 2100Mhz 64 bit DVI HDMI Low Profile (GV-N1030D4-2GL),8 290 ₽,True,ОнлайнТрейд,https://www.onlinetrade.ru/catalogue/videokarty-c338/gigabyte/videokarta_gigabyte_geforce_gt_1030_1177mhz_pci_e_3.0_2048mb_2100mhz_64_bit_dvi_hdmi_low_profile_gv_n1030d4_2gl-1503268.html
1636740289.2742827,NVIDIA GeForce RTX 3090,GIGABYTE GeForce RTX 3090 24576Mb TURBO (GV-N3090TURBO-24GD),303 990 ₽,False,ОнлайнТрейд,https://www.onlinetrade.ru/catalogue/videokarty-c338/gigabyte/videokarta_gigabyte_geforce_rtx_3090_24576mb_turbo_gv_n3090turbo_24gd-2323348.html
1636740288.1359973,NVIDIA Quadro P2000,PNY Quadro P2000 PCI-E 3.0 5120Mb 160 bit (VCQP2000-PB),47 990 ₽,True,ОнлайнТрейд,https://www.onlinetrade.ru/catalogue/videokarty-c338/pny/professionalnaya_videokarta_pny_quadro_p2000_pci_e_3.0_5120mb_160_bit_vcqp2000_pb-800054.html
1636740289.2742827,NVIDIA GeForce RTX 3080,MSI GeForce RTX 3080 LHR 10240Mb VENTUS 3X OC (RTX 3080 VENTUS 3X 10G OC LHR),161 990 ₽,True,ОнлайнТрейд,https://www.onlinetrade.ru/catalogue/videokarty-c338/msi/videokarta_msi_geforce_rtx_3080_lhr_10240mb_ventus_3x_oc_rtx_3080_ventus_3x_10g_oc_lhr-2748897.html
1636740289.2742827,NVIDIA Quadro RTX4000,PNY Quadro RTX 4000 PCI-E 3.0 8192 Mb 256 bit (VCQRTX4000-PB),95 680 ₽,True,ОнлайнТрейд,https://www.onlinetrade.ru/catalogue/videokarty-c338/pny/videokarta_pny_quadro_rtx_4000_pci_e_3.0_8192_mb_256_bit_vcqrtx4000_pb-1781490.html
1636740289.2742827,NVIDIA Tesla T4,NVIDIA TESLA T4 16Gb OEM (900-2G183-0000-000),212 200 ₽,True,ОнлайнТрейд,https://www.onlinetrade.ru/catalogue/videokarty-c338/nvidia/videokarta_nvidia_tesla_t4_16gb_oem_900_2g183_0000_000-1694532.html
1636740289.2742827,NVIDIA GeForce GTX 1050 Ti,MSI GeForce GTX 1050 Ti 1341Mhz PCI-E 3.0 4096Mb 7008Mhz 128 bit DPort HDMI DL-DVI-D (GTX 1050 Ti 4GT OCV1),38 990 ₽,True,ОнлайнТрейд,https://www.onlinetrade.ru/catalogue/videokarty-c338/msi/videokarta_msi_geforce_gtx_1050_ti_1341mhz_pci_e_3.0_4096mb_7008mhz_128_bit_dport_hdmi_dl_dvi_d_gtx_1050_ti_4gt_ocv1-1485364.html
1636740289.2742827,NVIDIA GeForce GTX 1050 Ti,KFA2 GeForce GTX 1050 Ti 4096Mb 1-CLICK OC (50IQH8DSQ31K),36 990 ₽,True,ОнлайнТрейд,https://www.onlinetrade.ru/catalogue/videokarty-c338/kfa2/videokarta_kfa2_geforce_gtx_1050_ti_4096mb_1_click_oc_50iqh8dsq31k-1963527.html
1636740289.2742827,NVIDIA GeForce RTX 3060 Ti,PALIT GeForce RTX 3060 Ti LHR 8192Mb Dual,89 990 ₽,False,ОнлайнТрейд,https://www.onlinetrade.ru/catalogue/videokarty-c338/palit/videokarta_palit_geforce_rtx_3060_ti_lhr_8192mb_dual_ne6306t019p2_190ad-2839227.html
1636740289.2742827,NVIDIA GeForce GT 730,ASUS GeForce GT 730 902Mhz PCI-E 2.0 2048Mb 5010Mhz 64 bit DVI HDMI HDCP Silent (GT730-SL-2GD5-BRK),7 270 ₽,True,ОнлайнТрейд,https://www.onlinetrade.ru/catalogue/videokarty-c338/asus/videokarta_asus_geforce_gt_730_902mhz_pci_e_2.0_2048mb_5010mhz_64_bit_dvi_hdmi_hdcp_silent_gt730_sl_2gd5_brk-744377.html
1636740289.2742827,NVIDIA GeForce RTX 3070,ASUS GeForce RTX 3070 LHR 8192Mb TUF GAMING V2 (TUF-RTX3070-8G-V2-GAMING),105 990 ₽,False,ОнлайнТрейд,https://www.onlinetrade.ru/catalogue/videokarty-c338/asus/videokarta_asus_geforce_rtx_3070_lhr_8192mb_tuf_gaming_v2_tuf_rtx3070_8g_v2_gaming-2860821.html
1636740289.2742827,AMD Radeon RX 6900 XT,XFX Radeon RX 6900 XT 16384Mb Speedster ZERO EKWB Waterblock LE (RX-69XTAWBD9),153 990 ₽,True,ОнлайнТрейд,https://www.onlinetrade.ru/catalogue/videokarty-c338/xfx/videokarta_xfx_radeon_rx_6900_xt_16384mb_speedster_zero_ekwb_waterblock_le_rx_69xtawbd9-2816288.html
1636740289.2742827,NVIDIA GeForce RTX 3080,PALIT GeForce RTX 3080 LHR 10240Mb GAMEROCK (NED3080U19IA-1020G V1),163 990 ₽,False,ОнлайнТрейд,https://www.onlinetrade.ru/catalogue/videokarty-c338/palit/videokarta_palit_geforce_rtx_3080_lhr_10240mb_gamerock_ned3080u19ia_1020g_v1-2748894.html
1636740289.2742827,NVIDIA GeForce RTX 3070 Ti,ASUS GeForce RTX 3070 Ti LHR 8192Mb TUF GAMING OC (TUF-RTX3070TI-O8G-GAMING),139 990 ₽,True,ОнлайнТрейд,https://www.onlinetrade.ru/catalogue/videokarty-c338/asus/videokarta_asus_geforce_rtx_3070_ti_lhr_8192mb_tuf_gaming_oc_tuf_rtx3070ti_o8g_gaming-2685013.html
1636740289.2742827,NVIDIA GeForce RTX 3060 Ti,GIGABYTE GeForce RTX 3060 Ti LHR 8192Mb EAGLE 2.0 (GV-N306TEAGLE-8GD 2.0),103 990 ₽,True,ОнлайнТрейд,https://www.onlinetrade.ru/catalogue/videokarty-c338/gigabyte/videokarta_gigabyte_geforce_rtx_3060_ti_lhr_8192mb_eagle_2.0_gv_n306teagle_8gd_2.0-2664376.html
1636740289.2742827,NVIDIA GeForce RTX 3060,MSI GeForce RTX 3060 LHR 12288Mb VENTUS 2X OC (RTX 3060 VENTUS 2X 12G OC),85 990 ₽,True,ОнлайнТрейд,https://www.onlinetrade.ru/catalogue/videokarty-c338/msi/videokarta_msi_geforce_rtx_3060_lhr_12288mb_ventus_2x_oc_rtx_3060_ventus_2x_12g_oc-2671004.html
1636740289.2742827,NVIDIA GeForce RTX 3090,GIGABYTE GeForce RTX 3090 24576Mb (GV-N3090IXEB-24GD),279 990 ₽,True,ОнлайнТрейд,https://www.onlinetrade.ru/catalogue/videokarty-c338/gigabyte/videokarta_gigabyte_geforce_rtx_3090_24576mb_gv_n3090ixeb_24gd-2388321.html
1636740290.925259,NVIDIA GeForce RTX 3090,ZOTAC GeForce RTX 3090 24576Mb ArcticStorm (ZT-A30900Q-30P),289 990 ₽,False,ОнлайнТрейд,https://www.onlinetrade.ru/catalogue/videokarty-c338/zotac/videokarta_zotac_geforce_rtx_3090_24576mb_arcticstorm_zt_a30900q_30p-2868506.html
1636740290.925259,AMD Radeon R5 230,SINOTEX Radeon R5 230 1024Mb (AHR523013F),3 390 ₽,True,ОнлайнТрейд,https://www.onlinetrade.ru/catalogue/videokarty-c338/sinotex/videokarta_sinotex_radeon_r5_230_1024mb_ahr523013f-2746456.html
1636740290.925259,AMD Radeon RX 560,AFOX Radeon RX 560 4096Mb ATX DUAL FAN V2 (AFRX560-4096D5H4-V2),22 990 ₽,True,ОнлайнТрейд,https://www.onlinetrade.ru/catalogue/videokarty-c338/afox/videokarta_afox_radeon_rx_560_4096mb_atx_dual_fan_v2_afrx560_4096d5h4_v2-2781769.html
1636740290.925259,NVIDIA GeForce GT 730,GIGABYTE GeForce GT 730 902Mhz PCI-E 2.0 2048Mb 1800Mhz 64 bit DVI HDMI HDCP ver 2 (GV-N730D3-2GI V2.0),6 390 ₽,True,ОнлайнТрейд,https://www.onlinetrade.ru/catalogue/videokarty-c338/gigabyte/videokarta_gigabyte_geforce_gt_730_902mhz_pci_e_2.0_2048mb_1800mhz_64_bit_dvi_hdmi_hdcp_ver_2_gv_n730d3_2gi_v2.0-738916.html
1636740290.925259,NVIDIA GeForce GTX 1660,PALIT GeForce GTX 1660 6144Mb DUAL,59 990 ₽,True,ОнлайнТрейд,https://www.onlinetrade.ru/catalogue/videokarty-c338/palit/videokarta_palit_geforce_gtx_1660_6144mb_dual_ne51660018j9_1161c-2719593.html
1636740290.925259,NVIDIA GeForce RTX 3060,COLORFUL GeForce RTX 3060 LHR 12288Mb Ultra W OC L-V (RTX 3060 Ultra W OC 12G L-V),83 990 ₽,False,ОнлайнТрейд,https://www.onlinetrade.ru/catalogue/videokarty-c338/colorful/videokarta_colorful_geforce_rtx_3060_lhr_12288mb_ultra_w_oc_l_v_rtx_3060_ultra_w_oc_12g_l_v-2685021.html
1636740290.925259,NVIDIA Quadro RTX4000,PNY Quadro RTX 4000 8192Mb (VCQRTX4000-SB),94 400 ₽,True,ОнлайнТрейд,https://www.onlinetrade.ru/catalogue/videokarty-c338/pny/videokarta_pny_quadro_rtx_4000_8192mb_vcqrtx4000_sb-2718579.html
1636740290.925259,NVIDIA GeForce RTX 3080,GIGABYTE GeForce RTX 3080 10240Mb AORUS MASTER 2.0 (GV-N3080AORUS M-10GD 2.0),239 990 ₽,False,ОнлайнТрейд,https://www.onlinetrade.ru/catalogue/videokarty-c338/gigabyte/videokarta_gigabyte_geforce_rtx_3080_10240mb_aorus_master_2.0_gv_n3080aorus_m_10gd_2.0-2633386.html
1636740290.925259,NVIDIA RTX A5000,PNY NVIDIA RTX A5000 24576Mb (VCNRTXA5000-PB),281 400 ₽,False,ОнлайнТрейд,https://www.onlinetrade.ru/catalogue/videokarty-c338/pny/videokarta_pny_nvidia_rtx_a5000_24576mb_vcnrtxa5000_pb-2830666.html
1636740290.925259,NVIDIA GeForce GT 730,ZOTAC GeForce GT 730 Zone Edition 2048 (ZT-71113-20L),6 400 ₽,True,ОнлайнТрейд,https://www.onlinetrade.ru/catalogue/videokarty-c338/zotac/videokarta_zotac_geforce_gt_730_zone_edition_2048_zt_71113_20l-1923647.html
1636740290.925259,NVIDIA Quadro P620,PNY GeForce Quadro P620 PCI-E 2048Mb 128 bit (OEM) (VCQP620V2BLK-1),19 300 ₽,True,ОнлайнТрейд,https://www.onlinetrade.ru/catalogue/videokarty-c338/pny/videokarta_pny_geforce_quadro_p620_pci_e_2048mb_128_bit_oem_vcqp620v2blk_1-2089133.html
1636740290.925259,NVIDIA GeForce RTX 3070,Palit GeForce RTX 3070 8192Mb GAMINGPRO (NE63070019P2-1041A),175 990 ₽,False,ОнлайнТрейд,https://www.onlinetrade.ru/catalogue/videokarty-c338/palit/videokarta_palit_geforce_rtx_3070_8192mb_gamingpro_ne63070019p2_1041a-2326048.html
1636740290.925259,NVIDIA Quadro P400,DELL Quadro P400 PCI-E 3.0 2048Mb 64 bit for Precision MT (490-BDTB),10 300 ₽,True,ОнлайнТрейд,https://www.onlinetrade.ru/catalogue/videokarty-c338/dell/videokarta_dell_quadro_p400_pci_e_3.0_2048mb_64_bit_for_precision_mt_490_bdtb-1766220.html
1636740290.925259,NVIDIA GeForce GT 740,SINOTEX GeForce GT 740 4096Mb (NK74NP045F),9 990 ₽,True,ОнлайнТрейд,https://www.onlinetrade.ru/catalogue/videokarty-c338/sinotex/videokarta_sinotex_geforce_gt_740_4096mb_nk74np045f-2746458.html
1636740290.925259,NVIDIA GeForce RTX 3070,ASUS GeForce RTX 3070 LHR 8192Mb DUAL OC V2 (DUAL-RTX3070-O8G-V2),108 990 ₽,True,ОнлайнТрейд,https://www.onlinetrade.ru/catalogue/videokarty-c338/asus/videokarta_asus_geforce_rtx_3070_lhr_8192mb_dual_oc_v2_dual_rtx3070_o8g_v2-2769312.html
1636740292.7159145,NVIDIA GeForce GTX 1660,GIGABYTE GeForce GTX 1660 6144Mb D5 (GV-N1660D5-6GD),59 990 ₽,True,ОнлайнТрейд,https://www.onlinetrade.ru/catalogue/videokarty-c338/gigabyte/videokarta_gigabyte_geforce_gtx_1660_6144mb_d5_gv_n1660d5_6gd-2054350.html
1636740292.7159145,NVIDIA GeForce GTX 1650 Super,ASUS GeForce GTX 1650 SUPER 4096Mb TUF Gaming (TUF-GTX1650S-4G-GAMING),47 990 ₽,True,ОнлайнТрейд,https://www.onlinetrade.ru/catalogue/videokarty-c338/asus/videokarta_asus_geforce_gtx_1650_super_4096mb_tuf_gaming_tuf_gtx1650s_4g_gaming-1990341.html
1636740292.7159145,M9128,Matrox M9128 LP 1024Mb (M9128-E1024LAF),25 300 ₽,True,ОнлайнТрейд,https://www.onlinetrade.ru/catalogue/videokarty-c338/matrox/videokarta_matrox_m9128_lp_1024mb_m9128_e1024laf-1923696.html
1636740292.7159145,Atlas,HUAWEI Atlas 300 32768Mb AI Accelerator Card,166 900 ₽,True,ОнлайнТрейд,https://www.onlinetrade.ru/catalogue/videokarty-c338/huawei/videokarta_huawei_atlas_300_32768mb_ai_accelerator_card_02312jpm-2038075.html
1636740292.7159145,NVIDIA Quadro P400,PNY Quadro P400 2048Mb VCQP400V2BLK-1,11 100 ₽,True,ОнлайнТрейд,https://www.onlinetrade.ru/catalogue/videokarty-c338/pny/videokarta_pny_quadro_p400_2048mb_vcqp400v2blk_1-2095340.html
1636740292.7159145,NVIDIA Quadro P1000,HP Quadro P1000 PCI-E 3.0 4096Mb 128 bit,31 400 ₽,True,ОнлайнТрейд,https://www.onlinetrade.ru/catalogue/videokarty-c338/hp/videokarta_hp_quadro_p1000_pci_e_3.0_4096mb_128_bit_1me01aa-1421627.html
1636740292.7159145,C420,Matrox C420 LP 2048Mb (C420-E4GBLAF),59 500 ₽,True,ОнлайнТрейд,https://www.onlinetrade.ru/catalogue/videokarty-c338/matrox/videokarta_matrox_c420_lp_2048mb_c420_e4gblaf-1923700.html
1636740292.7159145,NVIDIA Quadro P6000,DELL Quadro RTX 6000 24576Mb 384 bit (4 DP + Virtual Link) (490-BFCZ),377 500 ₽,True,ОнлайнТрейд,https://www.onlinetrade.ru/catalogue/videokarty-c338/dell/videokarta_dell_quadro_rtx_6000_24576mb_384_bit_4_dp_virtual_link_490_bfcz-1791567.html
1636740292.7159145,NVIDIA Quadro RTX6000,PNY Quadro RTX 6000 PCI-E 3.0 24576Mb 384 bit (VCQRTX6000-BSP),373 800 ₽,True,ОнлайнТрейд,https://www.onlinetrade.ru/catalogue/videokarty-c338/pny/videokarta_pny_quadro_rtx_6000_pci_e_3.0_24576mb_384_bit_vcqrtx6000_bsp-1766724.html
1636740292.7159145,NVIDIA Quadro RTX8000,PNY Quadro RTX 8000 PCI-E 3.0 49152Mb 384 bit (VCQRTX8000-PB),573 800 ₽,True,ОнлайнТрейд,https://www.onlinetrade.ru/catalogue/videokarty-c338/pny/videokarta_pny_quadro_rtx_8000_pci_e_3.0_49152mb_384_bit_vcqrtx8000_pb-1769293.html
1636740292.7159145,NVIDIA Quadro RTX4000,PNY Quadro RTX 4000 PCI-E 3.0 8192 Mb 256 bit OEM (VCQRTX4000BLK-1),89 990 ₽,True,ОнлайнТрейд,https://www.onlinetrade.ru/catalogue/videokarty-c338/pny/videokarta_pny_quadro_rtx_4000_pci_e_3.0_8192_mb_256_bit_oem_vcqrtx4000blk_1-1766784.html
1636740292.7159145,NVIDIA Quadro GP100,NVIDIA Quadro GP100 16Gb,610 000 ₽,True,ОнлайнТрейд,https://www.onlinetrade.ru/catalogue/videokarty-c338/nvidia/videokarta_nvidia_quadro_gp100_16gb_900_5h400_2500_000-1694536.html
1636740292.7159145,NVIDIA Quadro RTX5000,PNY Quadro RTX 5000 PCI-E 3.0 16Gb 256 bit (VCQRTX5000-PB),210 700 ₽,True,ОнлайнТрейд,https://www.onlinetrade.ru/catalogue/videokarty-c338/pny/videokarta_pny_quadro_rtx_5000_pci_e_3.0_16gb_256_bit_vcqrtx5000_pb-1781491.html
1636740292.7159145,NVIDIA Tesla K40M,NVIDIA TESLA K40M 12Gb (TCSK40M-PB NV),213 900 ₽,True,ОнлайнТрейд,https://www.onlinetrade.ru/catalogue/videokarty-c338/nvidia/videokarta_nvidia_tesla_k40m_12gb_tcsk40m_pb_nv-1694491.html
1636740292.7159145,NVIDIA GeForce GT 730,Palit GeForce GT 730 902Mhz PCI-E 2.0 2048Mb 1600Mhz 64 bit HDMI DVI (NEAT7300HD46-2080H),6 320 ₽,True,ОнлайнТрейд,https://www.onlinetrade.ru/catalogue/videokarty-c338/palit/videokarta_palit_geforce_gt_730_902mhz_pci_e_2.0_2048mb_1600mhz_64_bit_hdmi_dvi_neat7300hd46_2080h-1555262.html
1636740293.8057585,NVIDIA Quadro T1000,PNY Quadro T1000 4096Mb (VCNT1000BLK-1) OEM,39 200 ₽,True,ОнлайнТрейд,https://www.onlinetrade.ru/catalogue/videokarty-c338/pny/videokarta_pny_quadro_t1000_4096mb_vcnt1000blk_1_oem-2664408.html
1636740293.8057585,NVIDIA Quadro RTX5000,PNY Quadro RTX 5000 16384Mb (VCQRTX5000BLK-1),188 600 ₽,True,ОнлайнТрейд,https://www.onlinetrade.ru/catalogue/videokarty-c338/pny/videokarta_pny_quadro_rtx_5000_16384mb_vcqrtx5000blk_1-2095336.html
1636740293.8057585,NVIDIA Quadro T1000,PNY Quadro T1000 4096Mb (VCNT1000-SB),34 500 ₽,True,ОнлайнТрейд,https://www.onlinetrade.ru/catalogue/videokarty-c338/pny/videokarta_pny_quadro_t1000_4096mb_vcnt1000_sb-2664405.html
1636740293.8057585,NVIDIA Quadro T1000,PNY Quadro T1000 4096Mb (VCNT1000-BLK) OEM,37 600 ₽,True,ОнлайнТрейд,https://www.onlinetrade.ru/catalogue/videokarty-c338/pny/videokarta_pny_quadro_t1000_4096mb_vcnt1000_blk_oem-2664407.html
1636740293.8057585,NVIDIA GeForce RTX 3080,MSI GeForce RTX 3080 LHR 10240Mb VENTUS 3X PLUS OC (RTX 3080 VENTUS 3X PLUS 10G OC),182 800 ₽,True,ОнлайнТрейд,https://www.onlinetrade.ru/catalogue/videokarty-c338/msi/videokarta_msi_geforce_rtx_3080_lhr_10240mb_ventus_3x_plus_oc_rtx_3080_ventus_3x_plus_10g_oc_rtx_3080_ventus_3x_plus_10g_oc_lhr-2655415.html
1636740293.8057585,NVIDIA GeForce RTX 2060 Super,Palit GeForce RTX 2060 SUPER 8192Mb DUAL (NE6206S018P2-1160A) w/o LED,109 990 ₽,True,ОнлайнТрейд,https://www.onlinetrade.ru/catalogue/videokarty-c338/palit/videokarta_palit_geforce_rtx_2060_super_8192mb_dual_ne6206s018p2_1160a_w_o_led_ne6206s018p2_1160a_1-2551460.html
1636740293.8057585,AMD Radeon RX 6800,SAPPHIRE Radeon RX 6800 16384Mb NITRO+OC (11305-01-20G),163 990 ₽,True,ОнлайнТрейд,https://www.onlinetrade.ru/catalogue/videokarty-c338/sapphire/videokarta_sapphire_radeon_rx_6800_16384mb_nitro_oc_11305_01_20g-2404567.html
1636740293.8057585,NVIDIA RTX A6000,PNY Quadro RTX A6000 49152Mb (VCNRTXA6000-PB),527 700 ₽,True,ОнлайнТрейд,https://www.onlinetrade.ru/catalogue/videokarty-c338/pny/videokarta_pny_quadro_rtx_a6000_49152mb_vcnrtxa6000_pb-2386408.html
1636740293.8057585,AMD Radeon RX 6900 XT,GIGABYTE Radeon RX 6900 XT 16384Mb GAMING OC (GV-R69XTGAMING OC-16GD),205 400 ₽,True,ОнлайнТрейд,https://www.onlinetrade.ru/catalogue/videokarty-c338/gigabyte/videokarta_gigabyte_radeon_rx_6900_xt_16384mb_gaming_oc_gv_r69xtgaming_oc_16gd-2477251.html
1636740293.8057585,NVIDIA Tesla A100,PNY NVIDIA Tesla A100 40960Mb (TCSA100M-PB),880 400 ₽,True,ОнлайнТрейд,https://www.onlinetrade.ru/catalogue/videokarty-c338/pny/videokarta_pny_nvidia_tesla_a100_40960mb_tcsa100m_pb-2490143.html
1636740293.8057585,NVIDIA GeForce RTX 3080,Palit RTX 3080 10240Mb GAMINGPRO (NED3080019IA-132AA),162 200 ₽,False,ОнлайнТрейд,https://www.onlinetrade.ru/catalogue/videokarty-c338/palit/videokarta_palit_rtx_3080_10240mb_gamingpro_ned3080019ia_132aa-2303847.html
1636740293.8057585,NVIDIA GeForce RTX 3070,Asus GeForce RTX 3070 8192Mb TUF GAMING OC (TUF-RTX3070-O8G-GAMING),189 990 ₽,True,ОнлайнТрейд,https://www.onlinetrade.ru/catalogue/videokarty-c338/asus/videokarta_asus_geforce_rtx_3070_8192mb_tuf_gaming_oc_tuf_rtx3070_o8g_gaming-2369567.html
1636740293.8057585,NVIDIA Quadro RTX8000,PNY Quadro RTX 8000 49152Mb (XVCQRTX8000-BSP),575 600 ₽,True,ОнлайнТрейд,https://www.onlinetrade.ru/catalogue/videokarty-c338/pny/videokarta_pny_quadro_rtx_8000_49152mb_xvcqrtx8000_bsp-2289505.html
1636740293.8057585,NVIDIA Quadro RTX8000,NVIDIA Quadro RTX 8000 49152Mb Passive (900-2G150-0050-000),538 700 ₽,True,ОнлайнТрейд,https://www.onlinetrade.ru/catalogue/videokarty-c338/nvidia/videokarta_nvidia_quadro_rtx_8000_49152mb_passive_900_2g150_0050_000-2047227.html
1636740294.6886668,AMD Radeon RX 6900 XT,MSI Radeon RX 6900 XT 16384Mb GAMING Z TRIO (RX 6900 XT GAMING Z TRIO 16G),179 990 ₽,True,ОнлайнТрейд,https://www.onlinetrade.ru/catalogue/videokarty-c338/msi/videokarta_msi_radeon_rx_6900_xt_16384mb_gaming_z_trio_rx_6900_xt_gaming_z_trio_16g-2684960.html
1636740293.8057585,NVIDIA Quadro RTX8000,PNY Quadro RTX 8000 49152Mb VCQRTX8000-BSP OEM,575 600 ₽,True,ОнлайнТрейд,https://www.onlinetrade.ru/catalogue/videokarty-c338/pny/videokarta_pny_quadro_rtx_8000_49152mb_vcqrtx8000_bsp_oem-2125396.html
1636740294.6886668,NVIDIA T400,PNY NVIDIA T400 2048Mb (VCNT400BLK-1),12 000 ₽,True,ОнлайнТрейд,https://www.onlinetrade.ru/catalogue/videokarty-c338/pny/videokarta_pny_nvidia_t400_2048mb_vcnt400blk_1-2816290.html
1636740294.6886668,NVIDIA GeForce RTX 3070,ASUS GeForce RTX 3070 LHR 8192Mb DUAL V2 (DUAL-RTX3070-8G-V2),108 990 ₽,True,ОнлайнТрейд,https://www.onlinetrade.ru/catalogue/videokarty-c338/asus/videokarta_asus_geforce_rtx_3070_lhr_8192mb_dual_v2_dual_rtx3070_8g_v2-2839754.html
1636740294.6886668,NVIDIA GeForce GT 730,ASUS GeForce GT 730 2048Mb Silent (GT730-4H-SL-2GD5),7 900 ₽,True,ОнлайнТрейд,https://www.onlinetrade.ru/catalogue/videokarty-c338/asus/videokarta_asus_geforce_gt_730_2048mb_silent_gt730_4h_sl_2gd5-2816272.html
1636740294.6886668,NVIDIA GeForce RTX 3080,GIGABYTE GeForce RTX 3080 LHR 10240Mb GAMING OC WATERFORCE WB 10G 2.0 (GV-N3080GAMINGOC WB-10GD 2.0),210 500 ₽,True,ОнлайнТрейд,https://www.onlinetrade.ru/catalogue/videokarty-c338/gigabyte/videokarta_gigabyte_geforce_rtx_3080_lhr_10240mb_gaming_oc_waterforce_wb_10g_2.0_gv_n3080gamingoc_wb_10gd_2.0-2746445.html
1636740294.6886668,NVIDIA GeForce GTX 1650,GIGABYTE GeForce GTX 1650 4096Mb D6 OC 3.0 (GV-N1656OC-4GD 3.0),39 990 ₽,True,ОнлайнТрейд,https://www.onlinetrade.ru/catalogue/videokarty-c338/gigabyte/videokarta_gigabyte_geforce_gtx_1650_4096mb_d6_oc_3.0_gv_n1656oc_4gd_3.0-2781753.html
1636740294.6886668,NVIDIA GeForce RTX 3080,COLORFUL GeForce RTX 3080 LHR 10240Mb Advanced OC (RTX 3080 Advanced OC 10G LHR-V),164 990 ₽,True,ОнлайнТрейд,https://www.onlinetrade.ru/catalogue/videokarty-c338/colorful/videokarta_colorful_geforce_rtx_3080_lhr_10240mb_advanced_oc_rtx_3080_advanced_oc_10g_lhr_v-2804164.html
1636740294.6886668,NVIDIA GeForce RTX 3080,ASUS GeForce RTX 3080 LHR 10240Mb TUF GAMING OC (TUF-RTX3080-O10G-V2-GAMING),164 990 ₽,True,ОнлайнТрейд,https://www.onlinetrade.ru/catalogue/videokarty-c338/asus/videokarta_asus_geforce_rtx_3080_lhr_10240mb_tuf_gaming_oc_tuf_rtx3080_o10g_v2_gaming-2777962.html
1636740294.6886668,NVIDIA GeForce RTX 3080,GIGABYTE GeForce RTX 3080 LHR 10240Mb AORUS GAMING BOX 2.0 (GV-N3080IXEB-10GD 2.0),165 990 ₽,True,ОнлайнТрейд,https://www.onlinetrade.ru/catalogue/videokarty-c338/gigabyte/videokarta_gigabyte_geforce_rtx_3080_lhr_10240mb_aorus_gaming_box_2.0_gv_n3080ixeb_10gd_2.0-2746436.html
1636740294.6886668,NVIDIA GeForce RTX 3080,ASUS GeForce RTX 3080 LHR 10240Mb ROG STRIX GAMING OC WHITE V2 (ROG-STRIX-RTX3080-O10G-WHITE-V2),175 990 ₽,True,ОнлайнТрейд,https://www.onlinetrade.ru/catalogue/videokarty-c338/asus/videokarta_asus_geforce_rtx_3080_lhr_10240mb_rog_strix_gaming_oc_white_v2_rog_strix_rtx3080_o10g_white_v2-2746433.html
1636740294.6886668,NVIDIA Quadro RTX6000,PNY Quadro RTX 6000 24576Mb (VCQRTX6000-SB),362 580 ₽,True,ОнлайнТрейд,https://www.onlinetrade.ru/catalogue/videokarty-c338/pny/videokarta_pny_quadro_rtx_6000_24576mb_vcqrtx6000_sb-2748200.html
1636740294.6886668,NVIDIA GeForce RTX 3080,GIGABYTE GeForce RTX 3080 LHR 10240Mb GAMING OC 2.0 (GV-N3080GAMING OC-10GD 2.0),159 990 ₽,True,ОнлайнТрейд,https://www.onlinetrade.ru/catalogue/videokarty-c338/gigabyte/videokarta_gigabyte_geforce_rtx_3080_lhr_10240mb_gaming_oc_2.0_gv_n3080gaming_oc_10gd_2.0-2679991.html
1636740294.6886668,AMD Radeon RX 6900 XT,SAPPHIRE Radeon RX 6900 XT 16384Mb TOXIC Limited Edition (11308-06-20G),183 900 ₽,True,ОнлайнТрейд,https://www.onlinetrade.ru/catalogue/videokarty-c338/sapphire/videokarta_sapphire_radeon_rx_6900_xt_16384mb_toxic_limited_edition_11308_06_20g-2652344.html
1636740294.6886668,NVIDIA Quadro RTX6000,PNY GeForce RTX A6000 49152Mb (VCNRTXA6000-SB),495 290 ₽,True,ОнлайнТрейд,https://www.onlinetrade.ru/catalogue/videokarty-c338/pny/videokarta_pny_geforce_rtx_a6000_49152mb_vcnrtxa6000_sb-2386410.html
1636740295.5814173,NVIDIA GeForce RTX 3070,ASUS GeForce RTX 3070 LHR 8192Mb TURBO V2 (TURBO-RTX3070-8G-V2),136 700 ₽,False,ОнлайнТрейд,https://www.onlinetrade.ru/catalogue/videokarty-c338/asus/videokarta_asus_geforce_rtx_3070_lhr_8192mb_turbo_v2_turbo_rtx3070_8g_v2-2746450.html
1636740294.6886668,AMD Radeon RX 6900 XT,GIGABYTE Radeon RX 6900 XT 16384Mb XTREME WATERFORCE WB (GV-R69XTAORUSX WB-16GD),175 900 ₽,True,ОнлайнТрейд,https://www.onlinetrade.ru/catalogue/videokarty-c338/gigabyte/videokarta_gigabyte_radeon_rx_6900_xt_16384mb_xtreme_waterforce_wb_gv_r69xtaorusx_wb_16gd-2664379.html
1636740295.5814173,NVIDIA GeForce GTX 1660 Super,PALIT Nvidia CMP 30HX 6144Mb OEM (NE630HX017J9-1160X),59 990 ₽,False,ОнлайнТрейд,https://www.onlinetrade.ru/catalogue/videokarty-c338/palit/videokarta_dlya_mayninga_palit_nvidia_cmp_30hx_6144mb_oem_ne630hx017j9_1160x-2875744.html
1636740295.5814173,AMD Radeon RX 570,GIGABYTE Radeon RX 570 4096Mb (GV-RX570GAMING-4GD) (Уценка - У84),39 890 ₽,True,ОнлайнТрейд,https://www.onlinetrade.ru/catalogue/videokarty-c338/gigabyte/videokarta_gigabyte_radeon_rx_570_4096mb_gv_rx570gaming_4gd_utsenka_u84_gv_rx570gaming_4gd_84-2858985.html
1636740295.5814173,NVIDIA GeForce GTX 1060,Palit GeForce GTX 1060 1506Mhz PCI-E 3.0 3072Mb 8000Mhz 192 bit DVI HDMI HDCP JetStream (Уценка - У5),43 290 ₽,True,ОнлайнТрейд,https://www.onlinetrade.ru/catalogue/videokarty-c338/palit/videokarta_palit_geforce_gtx_1060_1506mhz_pci_e_3.0_3072mb_8000mhz_192_bit_dvi_hdmi_hdcp_jetstream_utsenka_u5_ne51060015f9_1060j_5-2858981.html
1636740295.5814173,NVIDIA GeForce GTX 1070,MSI GeForce GTX 1070 1531Mhz PCI-E 3.0 8192Mb 8008Mhz 256 bit DVI 2xHDMI HDCP AERO ITX OC (Уценка - У3),53 890 ₽,True,ОнлайнТрейд,https://www.onlinetrade.ru/catalogue/videokarty-c338/msi/videokarta_msi_geforce_gtx_1070_1531mhz_pci_e_3.0_8192mb_8008mhz_256_bit_dvi_2xhdmi_hdcp_aero_itx_oc_utsenka_u3_gtx_1070_aero_itx_8g_oc_3-2878197.html
1636740295.5814173,AMD Radeon R7 350,SINOTEX Radeon R7 350 2048Mb (AHR735025F) (Уценка - У1),5 990 ₽,False,ОнлайнТрейд,https://www.onlinetrade.ru/catalogue/videokarty-c338/sinotex/videokarta_sinotex_radeon_r7_350_2048mb_ahr735025f_utsenka_u1_ahr735025f_1-2870411.html
1636740295.5814173,AMD Radeon RX 550,SINOTEX Radeon RX 550 2048Mb Ninja (AJRX55045F),16 600 ₽,True,ОнлайнТрейд,https://www.onlinetrade.ru/catalogue/videokarty-c338/sinotex/videokarta_sinotex_radeon_rx_550_2048mb_ninja_ajrx55045f-2816280.html
1636740295.5814173,AMD Radeon Pro W6800,AMD Radeon Pro W6800 32768Mb (100-506157),249 600 ₽,True,ОнлайнТрейд,https://www.onlinetrade.ru/catalogue/videokarty-c338/amd/videokarta_amd_radeon_pro_w6800_32768mb_100_506157-2830670.html
1636740295.5814173,NVIDIA GeForce RTX 3090,MSI GeForce RTX 3090 24576Mb VENTUS 3X OC (RTX 3090 VENTUS 3X 24G OC),329 990 ₽,False,ОнлайнТрейд,https://www.onlinetrade.ru/catalogue/videokarty-c338/msi/videokarta_msi_geforce_rtx_3090_24576mb_ventus_3x_oc_rtx_3090_ventus_3x_24g_oc-2869430.html
1636740295.5814173,AMD Radeon RX 580,PowerColor Radeon RX 580 1350Mhz PCI-E 3.0 4096Mb 7000Mhz 256 bit DVI HDMI HDCP Red Dragon (Уценка - У11),45 000 ₽,False,ОнлайнТрейд,https://www.onlinetrade.ru/catalogue/videokarty-c338/powercolor/videokarta_powercolor_radeon_rx_580_1350mhz_pci_e_3.0_4096mb_7000mhz_256_bit_dvi_hdmi_hdcp_red_dragon_utsenka_u11_axrx_580_4gbd5_3dhdv2_oc_11-2865579.html
1636740295.5814173,AMD Radeon R5 230,SINOTEX Radeon R5 230 2048Mb (AHR523023F),4 200 ₽,True,ОнлайнТрейд,https://www.onlinetrade.ru/catalogue/videokarty-c338/sinotex/videokarta_sinotex_radeon_r5_230_2048mb_ahr523023f-2816279.html
1636740295.5814173,NVIDIA GeForce GTX 1070,Palit GeForce GTX 1070 1632Mhz PCI-E 3.0 8192Mb 8000Mhz 256 bit DVI HDMI HDCP Super JetStream (Уценка - У8),59 890 ₽,False,ОнлайнТрейд,https://www.onlinetrade.ru/catalogue/videokarty-c338/palit/videokarta_palit_geforce_gtx_1070_1632mhz_pci_e_3.0_8192mb_8000mhz_256_bit_dvi_hdmi_hdcp_super_jetstream_utsenka_u8_ne51070s15p2_1041j_8-2858983.html
1636740295.5814173,NVIDIA Quadro T1000,DELL Nvidia Quadro T1000 4096 (490-BGXU),28 700 ₽,True,ОнлайнТрейд,https://www.onlinetrade.ru/catalogue/videokarty-c338/dell/videokarta_dell_nvidia_quadro_t1000_4096_490_bgxu-2858021.html
1636740296.5445278,NVIDIA GeForce RTX 3070 Ti,PALIT Nvidia CMP 70HX 8192Mb (NED70HX017P2-1046A),164 990 ₽,False,ОнлайнТрейд,https://www.onlinetrade.ru/catalogue/videokarty-c338/palit/videokarta_dlya_mayninga_palit_nvidia_cmp_70hx_8192mb_ned70hx017p2_1046a-2839226.html
1636740295.5814173,NVIDIA Quadro T1000,PNY NVIDIA T1000 4096Mb (VCNT1000-SB),34 420 ₽,True,ОнлайнТрейд,https://www.onlinetrade.ru/catalogue/videokarty-c338/pny/videokarta_pny_nvidia_t1000_4096mb_vcnt1000_sb_vcnt1000_pb-2843874.html
1636740295.5814173,NVIDIA GeForce RTX 3070,ASUS GeForce RTX 3070 LHR 8192Mb OC WHITE V2 (STRIX-RTX3070-O8G-WHITE-V2),144 100 ₽,True,ОнлайнТрейд,https://www.onlinetrade.ru/catalogue/videokarty-c338/asus/videokarta_asus_geforce_rtx_3070_lhr_8192mb_oc_white_v2_strix_rtx3070_o8g_white_v2-2746451.html
1636740296.5445278,NVIDIA GeForce RTX 3070,INNO3D GeForce RTX 3070 LHR 8192Mb ICHILL X3 (C30703-08D6X-1710VA38H),125 600 ₽,False,ОнлайнТрейд,https://www.onlinetrade.ru/catalogue/videokarty-c338/inno3d/videokarta_inno3d_geforce_rtx_3070_lhr_8192mb_ichill_x3_c30703_08d6x_1710va38h-2852968.html
1636740296.5445278,NVIDIA Quadro P5000,PNY Quadro RTX 5000 16384Mb (VCQRTX5000-SB),220 800 ₽,True,ОнлайнТрейд,https://www.onlinetrade.ru/catalogue/videokarty-c338/pny/videokarta_pny_quadro_rtx_5000_16384mb_vcqrtx5000_sb-2858023.html
1636740296.5445278,NVIDIA T400,DELL Nvidia Quadro T400 2048Mb (490-BGZT),9 200 ₽,True,ОнлайнТрейд,https://www.onlinetrade.ru/catalogue/videokarty-c338/dell/videokarta_dell_nvidia_quadro_t400_2048mb_490_bgzt-2858022.html
1636740296.5445278,AMD Radeon RX 6600,ASROCK Radeon RX 6600 8192Mb Challenger ITX (RX6600 CLI 8G),69 990 ₽,True,ОнлайнТрейд,https://www.onlinetrade.ru/catalogue/videokarty-c338/asrock/videokarta_asrock_radeon_rx_6600_8192mb_challenger_itx_rx6600_cli_8g-2883416.html
1636740296.5445278,NVIDIA GeForce GT 1030,ASUS GeForce GT 1030 2048Mb LP Silent (GT1030-SL-2GD4-BRK),9 200 ₽,True,ОнлайнТрейд,https://www.onlinetrade.ru/catalogue/videokarty-c338/asus/videokarta_asus_geforce_gt_1030_2048mb_lp_silent_gt1030_sl_2gd4_brk-2852967.html
1636740296.5445278,AMD Radeon Pro W6800,DELL Radeon Pro WX 6800 32768Mb (490-BHCL) OEM,226 800 ₽,True,ОнлайнТрейд,https://www.onlinetrade.ru/catalogue/videokarty-c338/dell/videokarta_dell_radeon_pro_wx_6800_32768mb_490_bhcl_oem-2881696.html
1636740296.5445278,NVIDIA Quadro T600,DELL Nvidia Quadro T600 4096Mb (490-BGXX),14 800 ₽,True,ОнлайнТрейд,https://www.onlinetrade.ru/catalogue/videokarty-c338/dell/videokarta_dell_nvidia_quadro_t600_4096mb_490_bgxx-2881746.html
1636740296.5445278,AMD Radeon RX 6900 XT,ASUS Radeon RX 6900 XT 16384Mb TUF GAMING TOP OC (TUF-RX6900XT-T16G-GAMING),185 500 ₽,True,ОнлайнТрейд,https://www.onlinetrade.ru/catalogue/videokarty-c338/asus/videokarta_asus_radeon_rx_6900_xt_16384mb_tuf_gaming_top_oc_tuf_rx6900xt_t16g_gaming-2839223.html
1636740296.5445278,NVIDIA T400,HP NVIDIA T400 2048Mb (340K8AA),9 600 ₽,True,ОнлайнТрейд,https://www.onlinetrade.ru/catalogue/videokarty-c338/hp/videokarta_hp_nvidia_t400_2048mb_340k8aa-2884224.html
1636740296.5445278,NVIDIA GeForce GTX 1060,Palit GeForce GTX 1060 1506Mhz PCI-E 3.0 3072Mb 8000Mhz 192 bit DVI HDMI HDCP JetStream (Уценка - У6),43 290 ₽,False,ОнлайнТрейд,https://www.onlinetrade.ru/catalogue/videokarty-c338/palit/videokarta_palit_geforce_gtx_1060_1506mhz_pci_e_3.0_3072mb_8000mhz_192_bit_dvi_hdmi_hdcp_jetstream_utsenka_u6_ne51060015f9_1060j_6-2877602.html
1636740296.5445278,NVIDIA Quadro RTX6000,PNY Quadro RTX 6000 24576Mb (VCQRTX6000-BLK),390 300 ₽,True,ОнлайнТрейд,https://www.onlinetrade.ru/catalogue/videokarty-c338/pny/videokarta_pny_quadro_rtx_6000_24576mb_vcqrtx6000_blk-2858024.html
1636740296.5445278,NVIDIA Quadro T1000,HP NVIDIA T1000 4096Mb (20X22AA),30 500 ₽,True,ОнлайнТрейд,https://www.onlinetrade.ru/catalogue/videokarty-c338/hp/videokarta_hp_nvidia_t1000_4096mb_20x22aa-2884164.html
1636740296.5445278,AMD Radeon RX 580,GIGABYTE Radeon RX 580 1355Mhz PCI-E 3.0 8192Mb 8000Mhz 256 bit HDMI DVI-D Display Port Gaming MI oem (Уценка - У17),54 990 ₽,True,ОнлайнТрейд,https://www.onlinetrade.ru/catalogue/videokarty-c338/gigabyte/videokarta_dlya_mayninga_gigabyte_radeon_rx_580_1355mhz_pci_e_3.0_8192mb_8000mhz_256_bit_hdmi_dvi_d_display_port_gaming_mi_oem_utsenka_u17_gv_rx580gaming_8gd_mi_17-2858982.html
1636740296.5445278,AMD Radeon RX 570,MSI Radeon RX 570 1268Mhz PCI-E 3.0 4096Mb 7000Mhz 256 bit DVI 2xHDMI HDCP Gaming (Уценка - У19),37 190 ₽,False,ОнлайнТрейд,https://www.onlinetrade.ru/catalogue/videokarty-c338/msi/videokarta_msi_radeon_rx_570_1268mhz_pci_e_3.0_4096mb_7000mhz_256_bit_dvi_2xhdmi_hdcp_gaming_utsenka_u19_rx_570_gaming_4g_19-2881652.html
1636740298.0661304,AMD Radeon Pro WX 2100,DELL Radeon Pro WX 2100 2048Mb (490-BDZU),10 100 ₽,True,ОнлайнТрейд,https://www.onlinetrade.ru/catalogue/videokarty-c338/dell/videokarta_dell_radeon_pro_wx_2100_2048mb_490_bdzu-2787297.html
1636740298.0661304,NVIDIA GeForce RTX 3080,ASUS GeForce RTX 3080 LHR 10240Mb TURBO V2 (TURBO-RTX3080-10G-V2) OEM,197 700 ₽,True,ОнлайнТрейд,https://www.onlinetrade.ru/catalogue/videokarty-c338/asus/videokarta_asus_geforce_rtx_3080_lhr_10240mb_turbo_v2_turbo_rtx3080_10g_v2_oem-2839762.html
1636740298.0661304,NVIDIA GeForce RTX 3080,PNY GeForce RTX 3080 LHR 10240Mb XLR8 GAMING REVEL EPIC-X (VCG308010LTFXP-BLK) OEM,193 800 ₽,True,ОнлайнТрейд,https://www.onlinetrade.ru/catalogue/videokarty-c338/pny/videokarta_pny_geforce_rtx_3080_lhr_10240mb_xlr8_gaming_revel_epic_x_vcg308010ltfxp_blk_oem-2799108.html
1636740298.0661304,AMD Radeon RX 5500 XT,AFOX Radeon RX 5500 XT 8192Mb ATX Dual Fan (AFRX550-2048D5H4),52 990 ₽,True,ОнлайнТрейд,https://www.onlinetrade.ru/catalogue/videokarty-c338/afox/videokarta_afox_radeon_rx_5500_xt_8192mb_atx_dual_fan_afrx550_2048d5h4_afrx5500xt_8gd6h4-2852974.html
